configuration,original_score,filtered_score,affine_fitted,residual_pp
A01,11.386138613861387,19.66019417475728,22.910536579773893,-3.250342405016614
A02,14.603960396039604,25.485436893203882,27.590909731708457,-2.105472838504575
A04,16.254125412541253,28.398058252427184,29.991101091674903,-1.593042839247719
A05,16.996699669966997,29.61165048543689,31.071187203659807,-1.4595367182229175
A07,22.854785478547853,40.53398058252427,39.59186653154069,0.9421140509835837
A06,21.782178217821784,41.50485436893204,38.031742147562504,3.4731122213695365
A08,23.51485148514851,41.50485436893204,40.55194307552726,0.9529112934047745
A03,15.264026402640262,27.9126213592233,28.550986275695035,-0.6383649164717333
A10,32.01320132013201,54.36893203883495,52.91292857935446,1.4560034594804918
A09,28.877887788778878,50.48543689320388,48.35256499541821,2.1328718977856695
A11,33.910891089108915,58.98058252427184,55.67314864331588,3.307433880955955
A12,37.21122112211221,61.6504854368932,60.47353136324876,1.1769540736444384
A13,44.71947194719472,72.81553398058253,71.3944020510961,1.4211319294864353
A14,54.867986798679866,80.33980582524272,86.15557891488973,-5.81577308964701
