a,b,delta_pp,scale_pp,residual_pp
A01,A02,-2.6074209362683867,-1.4625513697563506,-1.144869566512039
A01,A04,-3.869877278990039,-2.2125777132211457,-1.657299565768895
A01,A05,-4.340895254574001,-2.5500895677803044,-1.7908056867936963
A01,A07,-9.405139543080526,-5.212683087080328,-4.192456456000198
A01,A06,-11.448620590214361,-4.725165963828212,-6.72345462638615
A01,A08,-9.715947322887633,-5.5126936244662454,-4.203253698421388
A01,A03,-4.3745393956871474,-1.762561907142268,-2.6119774885448805
A01,A10,-14.081675157807044,-9.375329293309944,-4.706345864497106
A01,A09,-13.333493543529112,-7.950279240726832,-5.383214302802283
A01,A11,-16.79563587426703,-10.23785958829446,-6.557776285972569
A01,A12,-16.1652087538851,-11.737912275224048,-4.427296478661052
A01,A13,-19.82200647249192,-15.150532137988868,-4.671474334503049
A01,A14,-17.197763465666966,-19.76319415029736,2.565430684630396
A02,A04,-1.2624563427216522,-0.7500263434647951,-0.512429999256856
A02,A05,-1.733474318305614,-1.0875381980239538,-0.6459361202816574
A02,A07,-6.79771860681214,-3.750131717323977,-3.0475868894881586
A02,A06,-8.841199653945974,-3.2626145940718616,-5.578585059874111
A02,A08,-7.108526386619246,-4.050142254709895,-3.0583841319093494
A02,A03,-1.7671184594187608,-0.30001053738591743,-1.4671079220328416
A02,A10,-11.474254221538658,-7.912777923553593,-3.5614762979850667
A02,A09,-10.726072607260726,-6.487727870970482,-4.238344736290244
A02,A11,-14.188214937998644,-8.77530821853811,-5.41290671946053
A02,A12,-13.557787817616713,-10.275360905467696,-3.2824269121490133
A02,A13,-17.21458553622353,-13.687980768232519,-3.52660476799101
A02,A14,-14.590342529398576,-18.30064278054101,3.710300251142435
A04,A05,-0.47101797558396186,-0.3375118545591587,-0.13350612102480142
A04,A07,-5.535262264090488,-3.0001053738591823,-2.5351568902313026
A04,A06,-7.578743311224322,-2.5125882506070663,-5.066155060617255
A04,A08,-5.846070043897594,-3.3001159112450997,-2.5459541326524935
A04,A03,-0.5046621166971086,0.45001580607887776,-0.9546779227759856
A04,A10,-10.211797878817006,-7.1627515800887975,-3.0490462987282108
A04,A09,-9.463616264539073,-5.737701527505687,-3.7259147370333885
A04,A11,-12.925758595276992,-8.025281875073315,-4.900476720203674
A04,A12,-12.295331474895061,-9.525334562002902,-2.7699969128921573
A04,A13,-15.952129193501879,-12.937954424767725,-3.0141747687341542
A04,A14,-13.327886186676928,-17.550616437076215,4.222730250399291
A05,A07,-5.064244288506526,-2.6625935193000236,-2.4016507692065012
A05,A06,-7.10772533564036,-2.1750763960479076,-4.932648939592454
A05,A08,-5.375052068313632,-2.962604056685941,-2.412448011627692
A05,A03,-0.03364414111314673,0.7875276606380365,-0.8211718017511842
A05,A10,-9.740779903233044,-6.825239725529639,-2.9155401777034093
A05,A09,-8.992598288955111,-5.400189672946528,-3.592408616008587
A05,A11,-12.45474061969303,-7.687770020514156,-4.7669705991788724
A05,A12,-11.8243134993111,-9.187822707443743,-2.636490791867356
A05,A13,-15.481111217917917,-12.600442570208566,-2.880668647709353
A05,A14,-12.856868211092966,-17.213104582517055,4.356236371424092
A07,A06,-2.0434810471338345,0.48751712325211577,-2.5309981703859528
A07,A08,-0.3108077798071065,-0.30001053738591743,-0.010797242421190845
A07,A03,5.030600147393379,3.45012117993806,1.580478967455317
A07,A10,-4.676535614726518,-4.162646206229615,-0.5138894084969081
A07,A09,-3.9283540004485857,-2.7375961536465043,-1.1907578468020859
A07,A11,-7.390496331186505,-5.0251765012141325,-2.3653198299723712
A07,A12,-6.7600692108045735,-6.52522918814372,-0.23484002266085469
A07,A13,-10.416866929411391,-9.937849050908541,-0.4790178785028516
A07,A14,-7.792623922586436,-14.550511063217034,6.757887140630594
A06,A08,1.732673267326728,-0.7875276606380333,2.520200927964762
A06,A03,7.0740811945272135,2.962604056685944,4.11147713784127
A06,A10,-2.6330545675926835,-4.650163329481731,2.0171087618890446
A06,A09,-1.8848729533147512,-3.2251132768986204,1.340240323583867
A06,A11,-5.34701528405267,-5.512693624466249,0.16567834041358154
A06,A12,-4.716588163670739,-7.012746311395835,2.296158147725098
A06,A13,-8.373385882277557,-10.425366174160658,2.051980291883101
A06,A14,-5.749142875452598,-15.03802818646915,9.288885311016546
A08,A03,5.3414079272004855,3.750131717323977,1.5912762098765079
A08,A10,-4.3657278349194115,-3.862635668843698,-0.5030921660757173
A08,A09,-3.6175462206414792,-2.437585616260587,-1.179960604380895
A08,A11,-7.079688551379398,-4.725165963828215,-2.3545225875511804
A08,A12,-6.449261430997467,-6.225218650757802,-0.22404278023966384
A08,A13,-10.106059149604285,-9.637838513522624,-0.46822063608166076
A08,A14,-7.48181614277933,-14.250500525831116,6.768684383051784
A03,A10,-9.707135762119897,-7.6127673861676755,-2.094368375952225
A03,A09,-8.958954147841965,-6.1877173335845645,-2.771236814257403
A03,A11,-12.421096478579884,-8.475297681152192,-3.9457987974276882
A03,A12,-11.790669358197952,-9.975350368081779,-1.8153189901161717
A03,A13,-15.44746707680477,-13.387970230846602,-2.0594968459581686
A03,A14,-12.823224069979815,-18.000632243155092,5.177408173175277
A10,A09,0.7481816142779323,1.425050052583111,-0.6768684383051777
A10,A11,-2.7139607164599866,-0.8625302949845174,-1.851430421475463
A10,A12,-2.0835335960780554,-2.3625829819141044,0.27904938583605343
A10,A13,-5.740331314684873,-5.775202844678926,0.034871529994056516
A10,A14,-3.1160883078599184,-10.387864856987418,7.271776549127502
A09,A11,-3.462142330737919,-2.287580347567628,-1.1745619831702854
A09,A12,-2.8317152103559877,-3.7876330344972153,0.9559178241412312
A09,A13,-6.488512928962805,-7.200252897262037,0.7117399682992342
A09,A14,-3.8642699221378507,-11.812914909570528,7.948644987432679
A11,A12,0.6304271203819312,-1.5000526869295872,2.1304798073115165
A11,A13,-3.0263705982248865,-4.912672549694409,1.8863019514695196
A11,A14,-0.4021275913999318,-9.5253345620029,9.123206970602965
A12,A13,-3.6567977186068177,-3.4126198627648217,-0.24417785584199692
A12,A14,-1.032554711781863,-8.025281875073313,6.992727163291448
A13,A14,2.6242430068249547,-4.612662012308491,7.236905019133445
