defect_task,clean_task,stratum
astropy__astropy-12825,astropy__astropy-14369,"('astropy/astropy', '1-4 hours')"
astropy__astropy-13032,astropy__astropy-13579,"('astropy/astropy', '1-4 hours')"
astropy__astropy-14295,astropy__astropy-13398,"('astropy/astropy', '1-4 hours')"
astropy__astropy-11693,astropy__astropy-14598,"('astropy/astropy', '15 min - 1 hour')"
astropy__astropy-12962,astropy__astropy-14508,"('astropy/astropy', '15 min - 1 hour')"
astropy__astropy-13068,astropy__astropy-7671,"('astropy/astropy', '15 min - 1 hour')"
astropy__astropy-13306,astropy__astropy-13236,"('astropy/astropy', '15 min - 1 hour')"
astropy__astropy-13404,astropy__astropy-14539,"('astropy/astropy', '15 min - 1 hour')"
astropy__astropy-13477,astropy__astropy-13033,"('astropy/astropy', '15 min - 1 hour')"
astropy__astropy-13838,astropy__astropy-13453,"('astropy/astropy', '15 min - 1 hour')"
astropy__astropy-14379,astropy__astropy-12907,"('astropy/astropy', '15 min - 1 hour')"
astropy__astropy-14413,astropy__astropy-13977,"('astropy/astropy', '15 min - 1 hour')"
astropy__astropy-14528,astropy__astropy-14365,"('astropy/astropy', '15 min - 1 hour')"
astropy__astropy-14566,astropy__astropy-14182,"('astropy/astropy', '15 min - 1 hour')"
astropy__astropy-14578,astropy__astropy-14096,"('astropy/astropy', '15 min - 1 hour')"
astropy__astropy-14966,astropy__astropy-8872,"('astropy/astropy', '15 min - 1 hour')"
astropy__astropy-8519,astropy__astropy-7606,"('astropy/astropy', '15 min - 1 hour')"
astropy__astropy-12880,astropy__astropy-14309,"('astropy/astropy', '<15 min fix')"
astropy__astropy-13745,astropy__astropy-14995,"('astropy/astropy', '<15 min fix')"
astropy__astropy-14991,astropy__astropy-7336,"('astropy/astropy', '<15 min fix')"
astropy__astropy-7218,astropy__astropy-7166,"('astropy/astropy', '<15 min fix')"
django__django-10643,django__django-11400,"('django/django', '1-4 hours')"
django__django-10904,django__django-11885,"('django/django', '1-4 hours')"
django__django-10910,django__django-15128,"('django/django', '1-4 hours')"
django__django-11062,django__django-14631,"('django/django', '1-4 hours')"
django__django-11701,django__django-13449,"('django/django', '1-4 hours')"
django__django-11754,django__django-15268,"('django/django', '1-4 hours')"
django__django-12364,django__django-13344,"('django/django', '1-4 hours')"
django__django-12733,django__django-13212,"('django/django', '1-4 hours')"
django__django-12910,django__django-16263,"('django/django', '1-4 hours')"
django__django-14471,django__django-10554,"('django/django', '1-4 hours')"
django__django-14832,django__django-15957,"('django/django', '1-4 hours')"
django__django-14935,django__django-16631,"('django/django', '1-4 hours')"
django__django-15044,django__django-14007,"('django/django', '1-4 hours')"
django__django-15648,django__django-12325,"('django/django', '1-4 hours')"
django__django-16322,django__django-11138,"('django/django', '1-4 hours')"
django__django-16693,django__django-12708,"('django/django', '1-4 hours')"
django__django-16952,django__django-15503,"('django/django', '1-4 hours')"
django__django-10853,django__django-16315,"('django/django', '15 min - 1 hour')"
django__django-11169,django__django-15037,"('django/django', '15 min - 1 hour')"
django__django-11185,django__django-16819,"('django/django', '15 min - 1 hour')"
django__django-11214,django__django-15695,"('django/django', '15 min - 1 hour')"
django__django-11260,django__django-12713,"('django/django', '15 min - 1 hour')"
django__django-11270,django__django-14725,"('django/django', '15 min - 1 hour')"
django__django-11354,django__django-15280,"('django/django', '15 min - 1 hour')"
django__django-11377,django__django-13553,"('django/django', '15 min - 1 hour')"
django__django-11396,django__django-15103,"('django/django', '15 min - 1 hour')"
django__django-11405,django__django-16082,"('django/django', '15 min - 1 hour')"
django__django-11428,django__django-14017,"('django/django', '15 min - 1 hour')"
django__django-11517,django__django-12406,"('django/django', '15 min - 1 hour')"
django__django-11560,django__django-16877,"('django/django', '15 min - 1 hour')"
django__django-11584,django__django-16903,"('django/django', '15 min - 1 hour')"
django__django-11612,django__django-11087,"('django/django', '15 min - 1 hour')"
django__django-11630,django__django-13346,"('django/django', '15 min - 1 hour')"
django__django-11808,django__django-16256,"('django/django', '15 min - 1 hour')"
django__django-11810,django__django-16454,"('django/django', '15 min - 1 hour')"
django__django-11891,django__django-15526,"('django/django', '15 min - 1 hour')"
django__django-12148,django__django-14559,"('django/django', '15 min - 1 hour')"
django__django-12153,django__django-16901,"('django/django', '15 min - 1 hour')"
django__django-12172,django__django-11141,"('django/django', '15 min - 1 hour')"
django__django-12360,django__django-14170,"('django/django', '15 min - 1 hour')"
django__django-12407,django__django-16136,"('django/django', '15 min - 1 hour')"
django__django-12453,django__django-13810,"('django/django', '15 min - 1 hour')"
django__django-12464,django__django-13569,"('django/django', '15 min - 1 hour')"
django__django-12470,django__django-15474,"('django/django', '15 min - 1 hour')"
django__django-12503,django__django-13670,"('django/django', '15 min - 1 hour')"
django__django-12669,django__django-11728,"('django/django', '15 min - 1 hour')"
django__django-12796,django__django-14034,"('django/django', '15 min - 1 hour')"
django__django-12855,django__django-12050,"('django/django', '15 min - 1 hour')"
django__django-12869,django__django-13401,"('django/django', '15 min - 1 hour')"
django__django-12961,django__django-11749,"('django/django', '15 min - 1 hour')"
django__django-12983,django__django-11095,"('django/django', '15 min - 1 hour')"
django__django-13030,django__django-16910,"('django/django', '15 min - 1 hour')"
django__django-13066,django__django-12161,"('django/django', '15 min - 1 hour')"
django__django-13162,django__django-12774,"('django/django', '15 min - 1 hour')"
django__django-13199,django__django-13195,"('django/django', '15 min - 1 hour')"
django__django-13281,django__django-12143,"('django/django', '15 min - 1 hour')"
django__django-13295,django__django-15022,"('django/django', '15 min - 1 hour')"
django__django-13300,django__django-12155,"('django/django', '15 min - 1 hour')"
django__django-13321,django__django-14672,"('django/django', '15 min - 1 hour')"
django__django-13325,django__django-16032,"('django/django', '15 min - 1 hour')"
django__django-13386,django__django-13516,"('django/django', '15 min - 1 hour')"
django__django-13431,django__django-13786,"('django/django', '15 min - 1 hour')"
django__django-13454,django__django-11206,"('django/django', '15 min - 1 hour')"
django__django-13460,django__django-13158,"('django/django', '15 min - 1 hour')"
django__django-13466,django__django-15252,"('django/django', '15 min - 1 hour')"
django__django-13490,django__django-11815,"('django/django', '15 min - 1 hour')"
django__django-13537,django__django-14416,"('django/django', '15 min - 1 hour')"
django__django-13560,django__django-13279,"('django/django', '15 min - 1 hour')"
django__django-13589,django__django-14894,"('django/django', '15 min - 1 hour')"
django__django-13615,django__django-16662,"('django/django', '15 min - 1 hour')"
django__django-13691,django__django-13012,"('django/django', '15 min - 1 hour')"
django__django-13714,django__django-13343,"('django/django', '15 min - 1 hour')"
django__django-13722,django__django-15561,"('django/django', '15 min - 1 hour')"
django__django-13744,django__django-11292,"('django/django', '15 min - 1 hour')"
django__django-13768,django__django-17084,"('django/django', '15 min - 1 hour')"
django__django-13773,django__django-13568,"('django/django', '15 min - 1 hour')"
django__django-13808,django__django-11532,"('django/django', '15 min - 1 hour')"
django__django-13822,django__django-12262,"('django/django', '15 min - 1 hour')"
django__django-14016,django__django-11848,"('django/django', '15 min - 1 hour')"
django__django-14030,django__django-16142,"('django/django', '15 min - 1 hour')"
django__django-14043,django__django-13658,"('django/django', '15 min - 1 hour')"
django__django-14077,django__django-11149,"('django/django', '15 min - 1 hour')"
django__django-14164,django__django-14122,"('django/django', '15 min - 1 hour')"
django__django-14266,django__django-12663,"('django/django', '15 min - 1 hour')"
django__django-14267,django__django-14140,"('django/django', '15 min - 1 hour')"
django__django-14368,django__django-16667,"('django/django', '15 min - 1 hour')"
django__django-14451,django__django-13689,"('django/django', '15 min - 1 hour')"
django__django-14495,django__django-13028,"('django/django', '15 min - 1 hour')"
django__django-14513,django__django-12039,"('django/django', '15 min - 1 hour')"
django__django-14602,django__django-11211,"('django/django', '15 min - 1 hour')"
django__django-14730,django__django-11999,"('django/django', '15 min - 1 hour')"
django__django-14779,django__django-14238,"('django/django', '15 min - 1 hour')"
django__django-14785,django__django-11265,"('django/django', '15 min - 1 hour')"
django__django-14861,django__django-16661,"('django/django', '15 min - 1 hour')"
django__django-15018,django__django-14771,"('django/django', '15 min - 1 hour')"
django__django-15031,django__django-11734,"('django/django', '15 min - 1 hour')"
django__django-15062,django__django-14351,"('django/django', '15 min - 1 hour')"
django__django-15102,django__django-12754,"('django/django', '15 min - 1 hour')"
django__django-15111,django__django-13251,"('django/django', '15 min - 1 hour')"
django__django-15202,django__django-13301,"('django/django', '15 min - 1 hour')"
django__django-15292,django__django-16485,"('django/django', '15 min - 1 hour')"
django__django-15481,django__django-14155,"('django/django', '15 min - 1 hour')"
django__django-15498,django__django-14500,"('django/django', '15 min - 1 hour')"
django__django-15576,django__django-16527,"('django/django', '15 min - 1 hour')"
django__django-15689,django__django-15916,"('django/django', '15 min - 1 hour')"
django__django-15698,django__django-13820,"('django/django', '15 min - 1 hour')"
django__django-15742,django__django-16950,"('django/django', '15 min - 1 hour')"
django__django-15819,django__django-15382,"('django/django', '15 min - 1 hour')"
django__django-15925,django__django-12965,"('django/django', '15 min - 1 hour')"
django__django-16002,django__django-15563,"('django/django', '15 min - 1 hour')"
django__django-16117,django__django-13033,"('django/django', '15 min - 1 hour')"
django__django-16229,django__django-15731,"('django/django', '15 min - 1 hour')"
django__django-16343,django__django-15554,"('django/django', '15 min - 1 hour')"
django__django-16379,django__django-16612,"('django/django', '15 min - 1 hour')"
django__django-16517,django__django-11790,"('django/django', '15 min - 1 hour')"
django__django-16588,django__django-13590,"('django/django', '15 min - 1 hour')"
django__django-16599,django__django-16938,"('django/django', '15 min - 1 hour')"
django__django-16686,django__django-13315,"('django/django', '15 min - 1 hour')"
django__django-16865,django__django-16493,"('django/django', '15 min - 1 hour')"
django__django-16873,django__django-15098,"('django/django', '15 min - 1 hour')"
django__django-10997,django__django-13551,"('django/django', '<15 min fix')"
django__django-11070,django__django-14376,"('django/django', '<15 min fix')"
django__django-11155,django__django-16116,"('django/django', '<15 min fix')"
django__django-11166,django__django-11451,"('django/django', '<15 min fix')"
django__django-11194,django__django-15499,"('django/django', '<15 min fix')"
django__django-11216,django__django-13297,"('django/django', '<15 min fix')"
django__django-11592,django__django-11514,"('django/django', '<15 min fix')"
django__django-11618,django__django-15380,"('django/django', '<15 min fix')"
django__django-11638,django__django-14608,"('django/django', '<15 min fix')"
django__django-11680,django__django-15368,"('django/django', '<15 min fix')"
django__django-11695,django__django-11490,"('django/django', '<15 min fix')"
django__django-11894,django__django-13023,"('django/django', '<15 min fix')"
django__django-11903,django__django-17029,"('django/django', '<15 min fix')"
django__django-12062,django__django-16100,"('django/django', '<15 min fix')"
django__django-12121,django__django-13089,"('django/django', '<15 min fix')"
django__django-12225,django__django-16642,"('django/django', '<15 min fix')"
django__django-12237,django__django-13354,"('django/django', '<15 min fix')"
django__django-12286,django__django-16801,"('django/django', '<15 min fix')"
django__django-12299,django__django-10999,"('django/django', '<15 min fix')"
django__django-12484,django__django-14855,"('django/django', '<15 min fix')"
django__django-12496,django__django-16255,"('django/django', '<15 min fix')"
django__django-12517,django__django-11880,"('django/django', '<15 min fix')"
django__django-12613,django__django-11239,"('django/django', '<15 min fix')"
django__django-12627,django__django-15320,"('django/django', '<15 min fix')"
django__django-12671,django__django-12741,"('django/django', '<15 min fix')"
django__django-12915,django__django-11099,"('django/django', '<15 min fix')"
django__django-12973,django__django-15572,"('django/django', '<15 min fix')"
django__django-13115,django__django-11603,"('django/django', '<15 min fix')"
django__django-13230,django__django-11179,"('django/django', '<15 min fix')"
django__django-13287,django__django-10390,"('django/django', '<15 min fix')"
django__django-13369,django__django-13406,"('django/django', '<15 min fix')"
django__django-13447,django__django-11119,"('django/django', '<15 min fix')"
django__django-13556,django__django-16333,"('django/django', '<15 min fix')"
django__django-13578,django__django-14667,"('django/django', '<15 min fix')"
django__django-13616,django__django-12193,"('django/django', '<15 min fix')"
django__django-13665,django__django-11133,"('django/django', '<15 min fix')"
django__django-13682,django__django-13741,"('django/django', '<15 min fix')"
django__django-13710,django__django-15315,"('django/django', '<15 min fix')"
django__django-13743,django__django-13821,"('django/django', '<15 min fix')"
django__django-13814,django__django-11066,"('django/django', '<15 min fix')"
django__django-13992,django__django-12209,"('django/django', '<15 min fix')"
django__django-14071,django__django-14315,"('django/django', '<15 min fix')"
django__django-14336,django__django-10914,"('django/django', '<15 min fix')"
django__django-14396,django__django-14404,"('django/django', '<15 min fix')"
django__django-14411,django__django-9296,"('django/django', '<15 min fix')"
django__django-14441,django__django-15987,"('django/django', '<15 min fix')"
django__django-14453,django__django-13417,"('django/django', '<15 min fix')"
django__django-15061,django__django-13794,"('django/django', '<15 min fix')"
django__django-15180,django__django-16824,"('django/django', '<15 min fix')"
django__django-15213,django__django-16899,"('django/django', '<15 min fix')"
django__django-15297,django__django-14580,"('django/django', '<15 min fix')"
django__django-15414,django__django-11820,"('django/django', '<15 min fix')"
django__django-15586,django__django-14539,"('django/django', '<15 min fix')"
django__django-15607,django__django-13933,"('django/django', '<15 min fix')"
django__django-15678,django__django-16145,"('django/django', '<15 min fix')"
django__django-15737,django__django-13363,"('django/django', '<15 min fix')"
django__django-15752,django__django-14999,"('django/django', '<15 min fix')"
django__django-15781,django__django-16139,"('django/django', '<15 min fix')"
django__django-16041,django__django-13410,"('django/django', '<15 min fix')"
django__django-16046,django__django-10880,"('django/django', '<15 min fix')"
django__django-16053,django__django-16429,"('django/django', '<15 min fix')"
django__django-16260,django__django-16595,"('django/django', '<15 min fix')"
django__django-16398,django__django-13924,"('django/django', '<15 min fix')"
django__django-16750,django__django-11163,"('django/django', '<15 min fix')"
django__django-16757,django__django-15104,"('django/django', '<15 min fix')"
django__django-16888,django__django-11964,"('django/django', '<15 min fix')"
mwaskom__seaborn-2457,mwaskom__seaborn-3069,"('mwaskom/seaborn', '15 min - 1 hour')"
mwaskom__seaborn-3010,mwaskom__seaborn-3187,"('mwaskom/seaborn', '15 min - 1 hour')"
psf__requests-1657,psf__requests-2931,"('psf/requests', '15 min - 1 hour')"
psf__requests-1962,psf__requests-1921,"('psf/requests', '<15 min fix')"
psf__requests-2193,psf__requests-2317,"('psf/requests', '<15 min fix')"
pydata__xarray-3114,pydata__xarray-4687,"('pydata/xarray', '15 min - 1 hour')"
pydata__xarray-3159,pydata__xarray-3305,"('pydata/xarray', '15 min - 1 hour')"
pydata__xarray-3649,pydata__xarray-3095,"('pydata/xarray', '15 min - 1 hour')"
pydata__xarray-3976,pydata__xarray-7233,"('pydata/xarray', '15 min - 1 hour')"
pydata__xarray-4419,pydata__xarray-4695,"('pydata/xarray', '15 min - 1 hour')"
pydata__xarray-4911,pydata__xarray-7229,"('pydata/xarray', '15 min - 1 hour')"
pydata__xarray-5033,pydata__xarray-3151,"('pydata/xarray', '15 min - 1 hour')"
pydata__xarray-5362,pydata__xarray-7393,"('pydata/xarray', '15 min - 1 hour')"
pydata__xarray-6601,pydata__xarray-3677,"('pydata/xarray', '15 min - 1 hour')"
pydata__xarray-6823,pydata__xarray-2905,"('pydata/xarray', '15 min - 1 hour')"
pydata__xarray-6882,pydata__xarray-6599,"('pydata/xarray', '15 min - 1 hour')"
pydata__xarray-7150,pydata__xarray-6721,"('pydata/xarray', '15 min - 1 hour')"
pydata__xarray-3905,pydata__xarray-5180,"('pydata/xarray', '<15 min fix')"
pydata__xarray-4994,pydata__xarray-4075,"('pydata/xarray', '<15 min fix')"
pydata__xarray-5131,pydata__xarray-4356,"('pydata/xarray', '<15 min fix')"
pydata__xarray-6386,pydata__xarray-6889,"('pydata/xarray', '<15 min fix')"
pydata__xarray-6394,pydata__xarray-4629,"('pydata/xarray', '<15 min fix')"
pydata__xarray-7147,pydata__xarray-4802,"('pydata/xarray', '<15 min fix')"
pydata__xarray-7203,pydata__xarray-4094,"('pydata/xarray', '<15 min fix')"
pydata__xarray-7391,pydata__xarray-6461,"('pydata/xarray', '<15 min fix')"
pylint-dev__pylint-6412,pylint-dev__pylint-4551,"('pylint-dev/pylint', '1-4 hours')"
pylint-dev__pylint-8124,pylint-dev__pylint-8898,"('pylint-dev/pylint', '1-4 hours')"
pylint-dev__pylint-4339,pylint-dev__pylint-4604,"('pylint-dev/pylint', '15 min - 1 hour')"
pylint-dev__pylint-4516,pylint-dev__pylint-6528,"('pylint-dev/pylint', '15 min - 1 hour')"
pylint-dev__pylint-6820,pylint-dev__pylint-4661,"('pylint-dev/pylint', '15 min - 1 hour')"
pylint-dev__pylint-7228,pylint-dev__pylint-7080,"('pylint-dev/pylint', '15 min - 1 hour')"
pylint-dev__pylint-5595,pylint-dev__pylint-4970,"('pylint-dev/pylint', '<15 min fix')"
pylint-dev__pylint-6506,pylint-dev__pylint-6903,"('pylint-dev/pylint', '<15 min fix')"
pylint-dev__pylint-8799,pylint-dev__pylint-7277,"('pylint-dev/pylint', '<15 min fix')"
pytest-dev__pytest-5205,pytest-dev__pytest-6197,"('pytest-dev/pytest', '1-4 hours')"
pytest-dev__pytest-7151,pytest-dev__pytest-10356,"('pytest-dev/pytest', '1-4 hours')"
pytest-dev__pytest-5281,pytest-dev__pytest-10051,"('pytest-dev/pytest', '15 min - 1 hour')"
pytest-dev__pytest-7186,pytest-dev__pytest-7490,"('pytest-dev/pytest', '15 min - 1 hour')"
pytest-dev__pytest-8365,pytest-dev__pytest-5631,"('pytest-dev/pytest', '15 min - 1 hour')"
pytest-dev__pytest-8428,pytest-dev__pytest-5495,"('pytest-dev/pytest', '15 min - 1 hour')"
pytest-dev__pytest-9249,pytest-dev__pytest-7571,"('pytest-dev/pytest', '15 min - 1 hour')"
pytest-dev__pytest-9475,pytest-dev__pytest-8399,"('pytest-dev/pytest', '15 min - 1 hour')"
pytest-dev__pytest-9681,pytest-dev__pytest-7236,"('pytest-dev/pytest', '15 min - 1 hour')"
pytest-dev__pytest-11044,pytest-dev__pytest-6202,"('pytest-dev/pytest', '<15 min fix')"
pytest-dev__pytest-11143,pytest-dev__pytest-5262,"('pytest-dev/pytest', '<15 min fix')"
pytest-dev__pytest-5413,pytest-dev__pytest-7521,"('pytest-dev/pytest', '<15 min fix')"
pytest-dev__pytest-6680,pytest-dev__pytest-7982,"('pytest-dev/pytest', '<15 min fix')"
pytest-dev__pytest-7468,pytest-dev__pytest-7432,"('pytest-dev/pytest', '<15 min fix')"
pytest-dev__pytest-8022,pytest-dev__pytest-5809,"('pytest-dev/pytest', '<15 min fix')"
pytest-dev__pytest-8906,pytest-dev__pytest-9798,"('pytest-dev/pytest', '<15 min fix')"
pytest-dev__pytest-9064,pytest-dev__pytest-7205,"('pytest-dev/pytest', '<15 min fix')"
pytest-dev__pytest-9066,pytest-dev__pytest-8641,"('pytest-dev/pytest', '<15 min fix')"
pytest-dev__pytest-9911,pytest-dev__pytest-5692,"('pytest-dev/pytest', '<15 min fix')"
scikit-learn__scikit-learn-13010,scikit-learn__scikit-learn-25102,"('scikit-learn/scikit-learn', '1-4 hours')"
scikit-learn__scikit-learn-10495,scikit-learn__scikit-learn-14894,"('scikit-learn/scikit-learn', '15 min - 1 hour')"
scikit-learn__scikit-learn-10508,scikit-learn__scikit-learn-14087,"('scikit-learn/scikit-learn', '15 min - 1 hour')"
scikit-learn__scikit-learn-10558,scikit-learn__scikit-learn-12682,"('scikit-learn/scikit-learn', '15 min - 1 hour')"
scikit-learn__scikit-learn-10913,scikit-learn__scikit-learn-12973,"('scikit-learn/scikit-learn', '15 min - 1 hour')"
scikit-learn__scikit-learn-11264,scikit-learn__scikit-learn-10297,"('scikit-learn/scikit-learn', '15 min - 1 hour')"
scikit-learn__scikit-learn-11391,scikit-learn__scikit-learn-25931,"('scikit-learn/scikit-learn', '15 min - 1 hour')"
scikit-learn__scikit-learn-12462,scikit-learn__scikit-learn-10986,"('scikit-learn/scikit-learn', '15 min - 1 hour')"
scikit-learn__scikit-learn-12486,scikit-learn__scikit-learn-13447,"('scikit-learn/scikit-learn', '15 min - 1 hour')"
scikit-learn__scikit-learn-12625,scikit-learn__scikit-learn-11578,"('scikit-learn/scikit-learn', '15 min - 1 hour')"
scikit-learn__scikit-learn-12961,scikit-learn__scikit-learn-10844,"('scikit-learn/scikit-learn', '15 min - 1 hour')"
scikit-learn__scikit-learn-13017,scikit-learn__scikit-learn-14629,"('scikit-learn/scikit-learn', '15 min - 1 hour')"
scikit-learn__scikit-learn-13704,scikit-learn__scikit-learn-26323,"('scikit-learn/scikit-learn', '15 min - 1 hour')"
scikit-learn__scikit-learn-15086,scikit-learn__scikit-learn-14053,"('scikit-learn/scikit-learn', '15 min - 1 hour')"
scikit-learn__scikit-learn-15094,scikit-learn__scikit-learn-10908,"('scikit-learn/scikit-learn', '15 min - 1 hour')"
scikit-learn__scikit-learn-15512,scikit-learn__scikit-learn-15100,"('scikit-learn/scikit-learn', '15 min - 1 hour')"
scikit-learn__scikit-learn-25601,scikit-learn__scikit-learn-14710,"('scikit-learn/scikit-learn', '15 min - 1 hour')"
scikit-learn__scikit-learn-26242,scikit-learn__scikit-learn-26194,"('scikit-learn/scikit-learn', '15 min - 1 hour')"
scikit-learn__scikit-learn-8554,scikit-learn__scikit-learn-13124,"('scikit-learn/scikit-learn', '15 min - 1 hour')"
scikit-learn__scikit-learn-10377,scikit-learn__scikit-learn-12585,"('scikit-learn/scikit-learn', '<15 min fix')"
scikit-learn__scikit-learn-10397,scikit-learn__scikit-learn-25232,"('scikit-learn/scikit-learn', '<15 min fix')"
scikit-learn__scikit-learn-10870,scikit-learn__scikit-learn-14496,"('scikit-learn/scikit-learn', '<15 min fix')"
scikit-learn__scikit-learn-11040,scikit-learn__scikit-learn-11310,"('scikit-learn/scikit-learn', '<15 min fix')"
scikit-learn__scikit-learn-12704,scikit-learn__scikit-learn-13328,"('scikit-learn/scikit-learn', '<15 min fix')"
scikit-learn__scikit-learn-13454,scikit-learn__scikit-learn-13439,"('scikit-learn/scikit-learn', '<15 min fix')"
scikit-learn__scikit-learn-13485,scikit-learn__scikit-learn-13779,"('scikit-learn/scikit-learn', '<15 min fix')"
scikit-learn__scikit-learn-13536,scikit-learn__scikit-learn-25973,"('scikit-learn/scikit-learn', '<15 min fix')"
scikit-learn__scikit-learn-14869,scikit-learn__scikit-learn-13496,"('scikit-learn/scikit-learn', '<15 min fix')"
scikit-learn__scikit-learn-14908,scikit-learn__scikit-learn-13142,"('scikit-learn/scikit-learn', '<15 min fix')"
scikit-learn__scikit-learn-15524,scikit-learn__scikit-learn-25570,"('scikit-learn/scikit-learn', '<15 min fix')"
scikit-learn__scikit-learn-26318,scikit-learn__scikit-learn-14983,"('scikit-learn/scikit-learn', '<15 min fix')"
scikit-learn__scikit-learn-26400,scikit-learn__scikit-learn-13135,"('scikit-learn/scikit-learn', '<15 min fix')"
sphinx-doc__sphinx-8075,sphinx-doc__sphinx-11510,"('sphinx-doc/sphinx', '1-4 hours')"
sphinx-doc__sphinx-8674,sphinx-doc__sphinx-8548,"('sphinx-doc/sphinx', '1-4 hours')"
sphinx-doc__sphinx-10481,sphinx-doc__sphinx-10614,"('sphinx-doc/sphinx', '15 min - 1 hour')"
sphinx-doc__sphinx-11109,sphinx-doc__sphinx-11192,"('sphinx-doc/sphinx', '15 min - 1 hour')"
sphinx-doc__sphinx-7615,sphinx-doc__sphinx-7757,"('sphinx-doc/sphinx', '15 min - 1 hour')"
sphinx-doc__sphinx-8506,sphinx-doc__sphinx-8551,"('sphinx-doc/sphinx', '15 min - 1 hour')"
sphinx-doc__sphinx-8969,sphinx-doc__sphinx-10673,"('sphinx-doc/sphinx', '15 min - 1 hour')"
sphinx-doc__sphinx-9207,sphinx-doc__sphinx-10466,"('sphinx-doc/sphinx', '15 min - 1 hour')"
sphinx-doc__sphinx-9386,sphinx-doc__sphinx-8035,"('sphinx-doc/sphinx', '15 min - 1 hour')"
sphinx-doc__sphinx-9902,sphinx-doc__sphinx-8056,"('sphinx-doc/sphinx', '15 min - 1 hour')"
sphinx-doc__sphinx-10504,sphinx-doc__sphinx-9591,"('sphinx-doc/sphinx', '<15 min fix')"
sphinx-doc__sphinx-11266,sphinx-doc__sphinx-9230,"('sphinx-doc/sphinx', '<15 min fix')"
sphinx-doc__sphinx-7738,sphinx-doc__sphinx-8269,"('sphinx-doc/sphinx', '<15 min fix')"
sphinx-doc__sphinx-7814,sphinx-doc__sphinx-9320,"('sphinx-doc/sphinx', '<15 min fix')"
sphinx-doc__sphinx-7859,sphinx-doc__sphinx-9711,"('sphinx-doc/sphinx', '<15 min fix')"
sphinx-doc__sphinx-8264,sphinx-doc__sphinx-8621,"('sphinx-doc/sphinx', '<15 min fix')"
sphinx-doc__sphinx-8284,sphinx-doc__sphinx-7889,"('sphinx-doc/sphinx', '<15 min fix')"
sphinx-doc__sphinx-8509,sphinx-doc__sphinx-8595,"('sphinx-doc/sphinx', '<15 min fix')"
sphinx-doc__sphinx-8684,sphinx-doc__sphinx-10492,"('sphinx-doc/sphinx', '<15 min fix')"
sphinx-doc__sphinx-9231,sphinx-doc__sphinx-9464,"('sphinx-doc/sphinx', '<15 min fix')"
sphinx-doc__sphinx-9828,sphinx-doc__sphinx-9281,"('sphinx-doc/sphinx', '<15 min fix')"
sphinx-doc__sphinx-9829,sphinx-doc__sphinx-8459,"('sphinx-doc/sphinx', '<15 min fix')"
sphinx-doc__sphinx-7670,sphinx-doc__sphinx-7590,"('sphinx-doc/sphinx', '>4 hours')"
sympy__sympy-13286,sympy__sympy-14248,"('sympy/sympy', '1-4 hours')"
sympy__sympy-13429,sympy__sympy-12489,"('sympy/sympy', '1-4 hours')"
sympy__sympy-17223,sympy__sympy-16597,"('sympy/sympy', '1-4 hours')"
sympy__sympy-18351,sympy__sympy-13852,"('sympy/sympy', '1-4 hours')"
sympy__sympy-19016,sympy__sympy-17630,"('sympy/sympy', '1-4 hours')"
sympy__sympy-11384,sympy__sympy-18211,"('sympy/sympy', '15 min - 1 hour')"
sympy__sympy-11438,sympy__sympy-13757,"('sympy/sympy', '15 min - 1 hour')"
sympy__sympy-11788,sympy__sympy-21612,"('sympy/sympy', '15 min - 1 hour')"
sympy__sympy-11870,sympy__sympy-23413,"('sympy/sympy', '15 min - 1 hour')"
sympy__sympy-12236,sympy__sympy-23824,"('sympy/sympy', '15 min - 1 hour')"
sympy__sympy-12307,sympy__sympy-14976,"('sympy/sympy', '15 min - 1 hour')"
sympy__sympy-13043,sympy__sympy-20801,"('sympy/sympy', '15 min - 1 hour')"
sympy__sympy-13361,sympy__sympy-23950,"('sympy/sympy', '15 min - 1 hour')"
sympy__sympy-13364,sympy__sympy-13798,"('sympy/sympy', '15 min - 1 hour')"
sympy__sympy-13369,sympy__sympy-15349,"('sympy/sympy', '15 min - 1 hour')"
sympy__sympy-13761,sympy__sympy-22914,"('sympy/sympy', '15 min - 1 hour')"
sympy__sympy-13915,sympy__sympy-20590,"('sympy/sympy', '15 min - 1 hour')"
sympy__sympy-14031,sympy__sympy-24661,"('sympy/sympy', '15 min - 1 hour')"
sympy__sympy-14038,sympy__sympy-11618,"('sympy/sympy', '15 min - 1 hour')"
sympy__sympy-14333,sympy__sympy-15976,"('sympy/sympy', '15 min - 1 hour')"
sympy__sympy-14396,sympy__sympy-21379,"('sympy/sympy', '15 min - 1 hour')"
sympy__sympy-15308,sympy__sympy-14070,"('sympy/sympy', '15 min - 1 hour')"
sympy__sympy-15596,sympy__sympy-22456,"('sympy/sympy', '15 min - 1 hour')"
sympy__sympy-16334,sympy__sympy-19346,"('sympy/sympy', '15 min - 1 hour')"
sympy__sympy-16437,sympy__sympy-18698,"('sympy/sympy', '15 min - 1 hour')"
sympy__sympy-16862,sympy__sympy-14531,"('sympy/sympy', '15 min - 1 hour')"
sympy__sympy-17115,sympy__sympy-20428,"('sympy/sympy', '15 min - 1 hour')"
sympy__sympy-17150,sympy__sympy-12419,"('sympy/sympy', '15 min - 1 hour')"
sympy__sympy-17176,sympy__sympy-13974,"('sympy/sympy', '15 min - 1 hour')"
sympy__sympy-17288,sympy__sympy-20154,"('sympy/sympy', '15 min - 1 hour')"
sympy__sympy-17512,sympy__sympy-13091,"('sympy/sympy', '15 min - 1 hour')"
sympy__sympy-17696,sympy__sympy-24443,"('sympy/sympy', '15 min - 1 hour')"
sympy__sympy-18087,sympy__sympy-19783,"('sympy/sympy', '15 min - 1 hour')"
sympy__sympy-18130,sympy__sympy-18903,"('sympy/sympy', '15 min - 1 hour')"
sympy__sympy-18191,sympy__sympy-13647,"('sympy/sympy', '15 min - 1 hour')"
sympy__sympy-18256,sympy__sympy-20438,"('sympy/sympy', '15 min - 1 hour')"
sympy__sympy-18587,sympy__sympy-21930,"('sympy/sympy', '15 min - 1 hour')"
sympy__sympy-18605,sympy__sympy-23262,"('sympy/sympy', '15 min - 1 hour')"
sympy__sympy-19007,sympy__sympy-22080,"('sympy/sympy', '15 min - 1 hour')"
sympy__sympy-21208,sympy__sympy-24066,"('sympy/sympy', '15 min - 1 hour')"
sympy__sympy-21614,sympy__sympy-13551,"('sympy/sympy', '15 min - 1 hour')"
sympy__sympy-21769,sympy__sympy-15599,"('sympy/sympy', '15 min - 1 hour')"
sympy__sympy-22005,sympy__sympy-24213,"('sympy/sympy', '15 min - 1 hour')"
sympy__sympy-22706,sympy__sympy-13615,"('sympy/sympy', '15 min - 1 hour')"
sympy__sympy-22740,sympy__sympy-16792,"('sympy/sympy', '15 min - 1 hour')"
sympy__sympy-23021,sympy__sympy-13877,"('sympy/sympy', '15 min - 1 hour')"
sympy__sympy-23296,sympy__sympy-19040,"('sympy/sympy', '15 min - 1 hour')"
sympy__sympy-12171,sympy__sympy-12096,"('sympy/sympy', '<15 min fix')"
sympy__sympy-12194,sympy__sympy-19954,"('sympy/sympy', '<15 min fix')"
sympy__sympy-13173,sympy__sympy-24539,"('sympy/sympy', '<15 min fix')"
sympy__sympy-13773,sympy__sympy-16766,"('sympy/sympy', '<15 min fix')"
sympy__sympy-13971,sympy__sympy-13480,"('sympy/sympy', '<15 min fix')"
sympy__sympy-13978,sympy__sympy-15345,"('sympy/sympy', '<15 min fix')"
sympy__sympy-14699,sympy__sympy-18189,"('sympy/sympy', '<15 min fix')"
sympy__sympy-14774,sympy__sympy-18763,"('sympy/sympy', '<15 min fix')"
sympy__sympy-15346,sympy__sympy-14711,"('sympy/sympy', '<15 min fix')"
sympy__sympy-15685,sympy__sympy-21847,"('sympy/sympy', '<15 min fix')"
sympy__sympy-17271,sympy__sympy-19495,"('sympy/sympy', '<15 min fix')"
sympy__sympy-17273,sympy__sympy-24562,"('sympy/sympy', '<15 min fix')"
sympy__sympy-17653,sympy__sympy-17655,"('sympy/sympy', '<15 min fix')"
sympy__sympy-18650,sympy__sympy-20916,"('sympy/sympy', '<15 min fix')"
sympy__sympy-19487,sympy__sympy-15017,"('sympy/sympy', '<15 min fix')"
sympy__sympy-20565,sympy__sympy-19637,"('sympy/sympy', '<15 min fix')"
sympy__sympy-21313,sympy__sympy-22714,"('sympy/sympy', '<15 min fix')"
sympy__sympy-24102,sympy__sympy-17139,"('sympy/sympy', '<15 min fix')"
sympy__sympy-24325,sympy__sympy-13372,"('sympy/sympy', '<15 min fix')"
sympy__sympy-24370,sympy__sympy-16450,"('sympy/sympy', '<15 min fix')"
sympy__sympy-24909,sympy__sympy-12481,"('sympy/sympy', '<15 min fix')"
sympy__sympy-14564,sympy__sympy-13878,"('sympy/sympy', '>4 hours')"
