model,term,estimate,se,interval_low,interval_high,interval_type,converged,p,q
mixed_logistic_types,Intercept,-3.012229509444638,0.020142035207080345,-3.0517078984505157,-2.9727511204387604,VB_approximate_credible,True,,
mixed_logistic_types,C(agent)[T.A01],0.2659638312257363,0.08634246732502536,0.0967325952686866,0.435195067182786,VB_approximate_credible,True,,
mixed_logistic_types,C(agent)[T.A02],0.4136481744366651,0.08305220630546468,0.25086585007795426,0.5764304987953759,VB_approximate_credible,True,,
mixed_logistic_types,C(agent)[T.A03],0.509603093196015,0.08218836265576981,0.34851390239070623,0.6706922840013239,VB_approximate_credible,True,,
mixed_logistic_types,C(agent)[T.A04],1.0357352839717084,0.07540688130404871,0.887937796615773,1.183532771327644,VB_approximate_credible,True,,
mixed_logistic_types,C(agent)[T.A05],1.078273015002902,0.07769521768488917,0.9259903883405193,1.2305556416652847,VB_approximate_credible,True,,
mixed_logistic_types,C(agent)[T.A06],1.0585969458383435,0.07462923002860813,0.9123236549822715,1.2048702366944155,VB_approximate_credible,True,,
mixed_logistic_types,C(agent)[T.A07],0.40579420501860547,0.08567981841155647,0.2378617609319548,0.5737266491052562,VB_approximate_credible,True,,
mixed_logistic_types,C(agent)[T.A08],1.640751351406579,0.06953998758548008,1.5044529757390381,1.77704972707412,VB_approximate_credible,True,,
mixed_logistic_types,C(agent)[T.A09],1.4698972926199056,0.07122867674027702,1.3302890862089627,1.6095054990308486,VB_approximate_credible,True,,
mixed_logistic_types,C(agent)[T.A10],1.7743651066341657,0.0688586312441356,1.6394021893956598,1.9093280238726715,VB_approximate_credible,True,,
mixed_logistic_types,C(agent)[T.A11],1.9837447616717931,0.06806923627750545,1.8503290585678824,2.117160464775704,VB_approximate_credible,True,,
mixed_logistic_types,C(agent)[T.A12],2.533346607065954,0.0677544047753392,2.400547973706289,2.6661452404256187,VB_approximate_credible,True,,
mixed_logistic_types,C(agent)[T.A13],2.997926641776501,0.06728801046902495,2.866042141257212,3.12981114229579,VB_approximate_credible,True,,
mixed_logistic_types,C(difficulty)[T.15 min - 1 hour],1.2843960278329383,0.027183467742382856,1.231116431057868,1.3376756246080086,VB_approximate_credible,True,,
mixed_logistic_types,C(difficulty)[T.<15 min fix],2.3958319906203016,0.03292279622890157,2.3313033100116547,2.4603606712289485,VB_approximate_credible,True,,
mixed_logistic_types,C(difficulty)[T.>4 hours],-1.1352509433831175,0.3717157549778448,-1.8638138231396932,-0.40668806362654164,VB_approximate_credible,True,,
mixed_logistic_types,statement,-0.18237506481749452,0.03745573209473055,-0.2557882997231664,-0.10896182991182264,VB_approximate_credible,True,,
mixed_logistic_types,C(agent)[T.A01]:statement,-0.2500722338438878,0.17860764191287903,-0.6001432119931307,0.09999874430535505,VB_approximate_credible,True,,
mixed_logistic_types,C(agent)[T.A02]:statement,-0.2659309148192174,0.1709047675630891,-0.6009042592428719,0.06904242960443724,VB_approximate_credible,True,,
mixed_logistic_types,C(agent)[T.A03]:statement,0.045427896401276265,0.15966316103080394,-0.26751189921909946,0.358367692021652,VB_approximate_credible,True,,
mixed_logistic_types,C(agent)[T.A04]:statement,-0.11870925428911246,0.14672664903031357,-0.406293486388527,0.16887497781030214,VB_approximate_credible,True,,
mixed_logistic_types,C(agent)[T.A05]:statement,-0.42407595989974656,0.16349289096239827,-0.7445220261860472,-0.10362989361344593,VB_approximate_credible,True,,
mixed_logistic_types,C(agent)[T.A06]:statement,0.0017106716141366627,0.14172005300128795,-0.27606063226838773,0.2794819754966611,VB_approximate_credible,True,,
mixed_logistic_types,C(agent)[T.A07]:statement,-0.07523883693029364,0.17406095584046233,-0.41639831037759983,0.26592063651701253,VB_approximate_credible,True,,
mixed_logistic_types,C(agent)[T.A08]:statement,0.025253192946429113,0.12550509811383265,-0.22073679935668286,0.2712431852495411,VB_approximate_credible,True,,
mixed_logistic_types,C(agent)[T.A09]:statement,-0.17559161313983812,0.13406943127431384,-0.43836769843749324,0.087184472157817,VB_approximate_credible,True,,
mixed_logistic_types,C(agent)[T.A10]:statement,-0.1338415746577131,0.12464131362377673,-0.3781385493603155,0.1104554000448893,VB_approximate_credible,True,,
mixed_logistic_types,C(agent)[T.A11]:statement,0.034999777756971696,0.1190586799574347,-0.19835523495960034,0.2683547904735437,VB_approximate_credible,True,,
mixed_logistic_types,C(agent)[T.A12]:statement,-0.14552638849769098,0.11456060562500711,-0.3700651755227049,0.07901239852732295,VB_approximate_credible,True,,
mixed_logistic_types,C(agent)[T.A13]:statement,-0.0042770110770856745,0.10764178213438688,-0.21525490406048395,0.2067008819063126,VB_approximate_credible,True,,
mixed_logistic_types,test,-0.9559750625088869,0.029615225954037334,-1.0140209053788,-0.8979292196389737,VB_approximate_credible,True,,
mixed_logistic_types,C(agent)[T.A01]:test,0.13610448757498267,0.13738622693091607,-0.13317251720961282,0.40538149235957815,VB_approximate_credible,True,,
mixed_logistic_types,C(agent)[T.A02]:test,0.2162570111488748,0.12985841228111858,-0.038265476922117625,0.4707794992198672,VB_approximate_credible,True,,
mixed_logistic_types,C(agent)[T.A03]:test,-0.13436640451978274,0.1324742177319239,-0.39401587127435356,0.12528306223478805,VB_approximate_credible,True,,
mixed_logistic_types,C(agent)[T.A04]:test,-0.18382169062721923,0.11744526854646739,-0.41401441697829533,0.04637103572385684,VB_approximate_credible,True,,
mixed_logistic_types,C(agent)[T.A05]:test,-0.29024624104094193,0.12572212528231283,-0.5366616065942751,-0.04383087548760878,VB_approximate_credible,True,,
mixed_logistic_types,C(agent)[T.A06]:test,-0.19890578462244957,0.11531073134909603,-0.42491481806667775,0.02710324882177864,VB_approximate_credible,True,,
mixed_logistic_types,C(agent)[T.A07]:test,-0.14570600773595455,0.14223938931734828,-0.42449521079795716,0.13308319532604806,VB_approximate_credible,True,,
mixed_logistic_types,C(agent)[T.A08]:test,-0.2947342971650867,0.10080161218396609,-0.4923054570456602,-0.09716313728451317,VB_approximate_credible,True,,
mixed_logistic_types,C(agent)[T.A09]:test,-0.24592699755373612,0.10589346775274981,-0.45347819434912573,-0.038375800758346484,VB_approximate_credible,True,,
mixed_logistic_types,C(agent)[T.A10]:test,-0.2618979220235993,0.09824761072921973,-0.45446323905286995,-0.06933260499432864,VB_approximate_credible,True,,
mixed_logistic_types,C(agent)[T.A11]:test,-0.40566330071378565,0.09493139572358454,-0.5917288363320113,-0.21959776509555995,VB_approximate_credible,True,,
mixed_logistic_types,C(agent)[T.A12]:test,-0.5312688343380708,0.08917462432811604,-0.7060510980211783,-0.35648657065496336,VB_approximate_credible,True,,
mixed_logistic_types,C(agent)[T.A13]:test,-0.3930870951246696,0.08323016883630692,-0.5562182260438312,-0.22995596420550804,VB_approximate_credible,True,,
mixed_logistic_types,other,0.24454593672901903,0.08654411021499028,0.07491948070763807,0.41417239275039996,VB_approximate_credible,True,,
mixed_logistic_types,C(agent)[T.A01]:other,0.14741882577408763,0.349923922195581,-0.5384320617292512,0.8332697132774264,VB_approximate_credible,True,,
mixed_logistic_types,C(agent)[T.A02]:other,-0.4786227065349454,0.3999857001349824,-1.2625946787995108,0.3053492657296201,VB_approximate_credible,True,,
mixed_logistic_types,C(agent)[T.A03]:other,0.09049136853768747,0.33734749723364427,-0.5707097260402553,0.7516924631156302,VB_approximate_credible,True,,
mixed_logistic_types,C(agent)[T.A04]:other,-0.3005939686578984,0.338422931035524,-0.9639029134875254,0.3627149761717287,VB_approximate_credible,True,,
mixed_logistic_types,C(agent)[T.A05]:other,-0.38951526728043795,0.3711359430017782,-1.1169417155639232,0.3379111810030473,VB_approximate_credible,True,,
mixed_logistic_types,C(agent)[T.A06]:other,-0.37047303528212083,0.33717373614538987,-1.031333558127085,0.29038748756284327,VB_approximate_credible,True,,
mixed_logistic_types,C(agent)[T.A07]:other,-0.14374149551737417,0.3832810951325332,-0.8949724419771392,0.6074894509423909,VB_approximate_credible,True,,
mixed_logistic_types,C(agent)[T.A08]:other,-0.5563567800289019,0.3087580586257435,-1.161522574935359,0.0488090148775554,VB_approximate_credible,True,,
mixed_logistic_types,C(agent)[T.A09]:other,-0.2285684936771267,0.3032748227355573,-0.822987146238819,0.3658501588845655,VB_approximate_credible,True,,
mixed_logistic_types,C(agent)[T.A10]:other,-0.35521875098568045,0.2898104075591788,-0.9232471498016709,0.21280964783030998,VB_approximate_credible,True,,
mixed_logistic_types,C(agent)[T.A11]:other,-0.37210916948353834,0.2792938021193453,-0.9195250216374551,0.1753066826703784,VB_approximate_credible,True,,
mixed_logistic_types,C(agent)[T.A12]:other,-0.33447514893199637,0.26278302936345393,-0.8495298864843661,0.18057958862037338,VB_approximate_credible,True,,
mixed_logistic_types,C(agent)[T.A13]:other,-0.9207973012337071,0.25635908727663087,-1.4232611122959036,-0.41833349017151056,VB_approximate_credible,True,,
mixed_logistic_types,repository_log_sd,-0.5715575511448903,0.21602989514497856,-0.9949761456290482,-0.1481389566607323,VB_approximate_credible,True,,
GEE_adjusted_types,Intercept,-4.805147724333545,1.0231816849072373,-6.8105469763927395,-2.79974847227435,task_cluster_robust_95CI,True,2.6494224967837705e-06,
GEE_adjusted_types,C(agent)[T.A01],1.4682928722661732,1.1170172658516904,-0.7210207389125427,3.657606483444889,task_cluster_robust_95CI,True,0.18868592352395708,
GEE_adjusted_types,C(agent)[T.A02],0.7623068694310516,1.2358421154559445,-1.6598991674403907,3.184512906302494,task_cluster_robust_95CI,True,0.537345593045629,
GEE_adjusted_types,C(agent)[T.A03],1.529654323230568,1.1167546830043014,-0.6591446350243078,3.7184532814854436,task_cluster_robust_95CI,True,0.17077066023125942,
GEE_adjusted_types,C(agent)[T.A04],2.509762311828588,1.0588109866789261,0.43453091150257395,4.584993712154603,task_cluster_robust_95CI,True,0.017770813428779255,
GEE_adjusted_types,C(agent)[T.A05],2.0537058812007625,1.1005286592627996,-0.10329065490847755,4.210702417310003,task_cluster_robust_95CI,True,0.0620261875533891,
GEE_adjusted_types,C(agent)[T.A06],2.7966743756034664,1.0472030382210777,0.7441941361892326,4.8491546150177,task_cluster_robust_95CI,True,0.00757128119514509,
GEE_adjusted_types,C(agent)[T.A07],1.315240292764696,1.162287927571067,-0.9628021849402939,3.5932827704696857,task_cluster_robust_95CI,True,0.2578043503843046,
GEE_adjusted_types,C(agent)[T.A08],3.4367821392009983,1.032189643722155,1.4137276122903448,5.459836666111652,task_cluster_robust_95CI,True,0.000869697679318193,
GEE_adjusted_types,C(agent)[T.A09],3.0452395825515737,1.0427980793457277,1.0013929038864058,5.089086261216742,task_cluster_robust_95CI,True,0.003497415497924078,
GEE_adjusted_types,C(agent)[T.A10],3.128047500807391,0.9717511071567018,1.223450328843333,5.03264467277145,task_cluster_robust_95CI,True,0.001286474014697919,
GEE_adjusted_types,C(agent)[T.A11],3.7468859079964294,0.9858106728233045,1.814732493687554,5.679039322305305,task_cluster_robust_95CI,True,0.0001442198194683551,
GEE_adjusted_types,C(agent)[T.A12],4.427414969423175,0.9945364050352238,2.478159434240197,6.376670504606153,task_cluster_robust_95CI,True,8.51782695797408e-06,
GEE_adjusted_types,C(agent)[T.A13],5.006912515325497,1.0220341875511403,3.0037623167566068,7.010062713894387,task_cluster_robust_95CI,True,9.634145850318345e-07,
GEE_adjusted_types,C(difficulty)[T.15 min - 1 hour],2.8555815228982087,1.012120012251512,0.871862750853007,4.83930029494341,task_cluster_robust_95CI,True,0.0047816586443429066,
GEE_adjusted_types,C(difficulty)[T.<15 min fix],3.938094005192798,1.0099244321194476,1.9586784911316144,5.917509519253982,task_cluster_robust_95CI,True,9.643345369884198e-05,
GEE_adjusted_types,C(difficulty)[T.>4 hours],-22.000181460031047,1435.6354181049321,-2835.7938958758,2791.793532955738,task_cluster_robust_95CI,True,0.9877734152494351,
GEE_adjusted_types,C(repo)[T.django/django],0.17632540735004462,0.24747829468604057,-0.3087231371899851,0.6613739518900744,task_cluster_robust_95CI,True,0.47616240926920383,
GEE_adjusted_types,C(repo)[T.mwaskom/seaborn],0.6090274100220423,0.850257840619179,-1.0574473351643459,2.2755021552084305,task_cluster_robust_95CI,True,0.47381504378257977,
GEE_adjusted_types,C(repo)[T.pallets/flask],2.4015805596310287,0.25640592061547646,1.8990341898018586,2.904126929460199,task_cluster_robust_95CI,True,7.51037140820976e-21,
GEE_adjusted_types,C(repo)[T.psf/requests],0.9551252556012754,0.41374702488096077,0.1441959881239946,1.766054523078556,task_cluster_robust_95CI,True,0.02097265221652965,
GEE_adjusted_types,C(repo)[T.pydata/xarray],-0.09864982943787673,0.3031189546341057,-0.6927520635521545,0.49545240467640106,task_cluster_robust_95CI,True,0.7448411038032178,
GEE_adjusted_types,C(repo)[T.pylint-dev/pylint],-0.5248014054265044,0.46302099037732625,-1.4323058706521308,0.3827030597991219,task_cluster_robust_95CI,True,0.2570341529602119,
GEE_adjusted_types,C(repo)[T.pytest-dev/pytest],-0.049751114939974216,0.31581875878892807,-0.6687445078084159,0.5692422779284675,task_cluster_robust_95CI,True,0.8748267026807932,
GEE_adjusted_types,C(repo)[T.scikit-learn/scikit-learn],0.2930814673501128,0.2754663767395139,-0.24682271001107653,0.8329856447113022,task_cluster_robust_95CI,True,0.2873529692841974,
GEE_adjusted_types,C(repo)[T.sphinx-doc/sphinx],-0.4091319080984186,0.29748683966068185,-0.9921953997079968,0.17393158351115956,task_cluster_robust_95CI,True,0.16904027170789993,
GEE_adjusted_types,C(repo)[T.sympy/sympy],-0.19772840272544437,0.261288504657983,-0.7098444614294172,0.31438765597852847,task_cluster_robust_95CI,True,0.4492034904062929,
GEE_adjusted_types,C(agent)[T.A01]:C(difficulty)[T.15 min - 1 hour],-1.1492396967366632,1.1342756355632302,-3.372379090981874,1.0738996975085477,task_cluster_robust_95CI,True,0.31096816749008016,
GEE_adjusted_types,C(agent)[T.A02]:C(difficulty)[T.15 min - 1 hour],-0.3180215221841071,1.2407675950939792,-2.749881321752683,2.113838277384469,task_cluster_robust_95CI,True,0.7977112398304773,
GEE_adjusted_types,C(agent)[T.A03]:C(difficulty)[T.15 min - 1 hour],-0.931188393880952,1.1329703974006755,-3.1517695683363085,1.2893927805744045,task_cluster_robust_95CI,True,0.41113380080044337,
GEE_adjusted_types,C(agent)[T.A04]:C(difficulty)[T.15 min - 1 hour],-1.4553656829974075,1.0717196014968144,-3.555897503456783,0.6451661374619677,task_cluster_robust_95CI,True,0.1744724291835006,
GEE_adjusted_types,C(agent)[T.A05]:C(difficulty)[T.15 min - 1 hour],-0.8529571234836597,1.1123544122303823,-3.03313170949943,1.3272174625321105,task_cluster_robust_95CI,True,0.44319842624139516,
GEE_adjusted_types,C(agent)[T.A06]:C(difficulty)[T.15 min - 1 hour],-1.7083786685461975,1.0596317567100142,-3.785218748572734,0.3684614114803393,task_cluster_robust_95CI,True,0.1069101418095536,
GEE_adjusted_types,C(agent)[T.A07]:C(difficulty)[T.15 min - 1 hour],-0.7817844949911659,1.1724738296195694,-3.0797909738612734,1.5162219838789417,task_cluster_robust_95CI,True,0.504911364714868,
GEE_adjusted_types,C(agent)[T.A08]:C(difficulty)[T.15 min - 1 hour],-1.7571495211072075,1.043452342052413,-3.802278531113906,0.2879794888994913,task_cluster_robust_95CI,True,0.09218615519873892,
GEE_adjusted_types,C(agent)[T.A09]:C(difficulty)[T.15 min - 1 hour],-1.536403192668301,1.054493936278121,-3.6031733296892927,0.5303669443526908,task_cluster_robust_95CI,True,0.14511493327043096,
GEE_adjusted_types,C(agent)[T.A10]:C(difficulty)[T.15 min - 1 hour],-1.297511093610941,0.9784234432480539,-3.215185804006796,0.620163616784914,task_cluster_robust_95CI,True,0.18479853179523742,
GEE_adjusted_types,C(agent)[T.A11]:C(difficulty)[T.15 min - 1 hour],-1.6647184759705467,0.9936488986100641,-3.612234530524164,0.28279757858307075,task_cluster_robust_95CI,True,0.09386384528184338,
GEE_adjusted_types,C(agent)[T.A12]:C(difficulty)[T.15 min - 1 hour],-1.8506264474114311,1.0010237567532254,-3.8125969583167367,0.11134406349387449,task_cluster_robust_95CI,True,0.06449626145351221,
GEE_adjusted_types,C(agent)[T.A13]:C(difficulty)[T.15 min - 1 hour],-1.9807104006189706,1.0331031828414399,-4.005555431301891,0.04413463006395002,task_cluster_robust_95CI,True,0.055206999358663106,
GEE_adjusted_types,C(agent)[T.A01]:C(difficulty)[T.<15 min fix],-1.1007024403736105,1.1269408964458756,-3.3094660101128093,1.1080611293655882,task_cluster_robust_95CI,True,0.3287092287641684,
GEE_adjusted_types,C(agent)[T.A02]:C(difficulty)[T.<15 min fix],-0.20499750042280157,1.2425546975827972,-2.640359956506143,2.23036495566054,task_cluster_robust_95CI,True,0.8689592005259392,
GEE_adjusted_types,C(agent)[T.A03]:C(difficulty)[T.<15 min fix],-0.9377458412443309,1.1295250261422578,-3.1515742121198196,1.2760825296311575,task_cluster_robust_95CI,True,0.40641862633653747,
GEE_adjusted_types,C(agent)[T.A04]:C(difficulty)[T.<15 min fix],-1.330846581399354,1.0703337556615005,-3.4286621939333894,0.7669690311346813,task_cluster_robust_95CI,True,0.21372267620747398,
GEE_adjusted_types,C(agent)[T.A05]:C(difficulty)[T.<15 min fix],-0.9169886399766657,1.1106893243021414,-3.0938997136219912,1.2599224336686596,task_cluster_robust_95CI,True,0.40902922970957767,
GEE_adjusted_types,C(agent)[T.A06]:C(difficulty)[T.<15 min fix],-1.628915704942592,1.0585759130287522,-3.703686369380551,0.4458549594953669,task_cluster_robust_95CI,True,0.12385795374883646,
GEE_adjusted_types,C(agent)[T.A07]:C(difficulty)[T.<15 min fix],-0.857476363917853,1.168072462569432,-3.14685632188695,1.4319035940512443,task_cluster_robust_95CI,True,0.46289073136445613,
GEE_adjusted_types,C(agent)[T.A08]:C(difficulty)[T.<15 min fix],-1.7076627070164716,1.0433591657221308,-3.7526090947716058,0.33728368073866255,task_cluster_robust_95CI,True,0.10169381806264542,
GEE_adjusted_types,C(agent)[T.A09]:C(difficulty)[T.<15 min fix],-1.4522845422118857,1.0523509350692317,-3.514854474044629,0.6102853896208575,task_cluster_robust_95CI,True,0.16757486827447754,
GEE_adjusted_types,C(agent)[T.A10]:C(difficulty)[T.<15 min fix],-1.217999173128975,0.9798182098984229,-3.138407575926391,0.702409229668441,task_cluster_robust_95CI,True,0.2138358155868334,
GEE_adjusted_types,C(agent)[T.A11]:C(difficulty)[T.<15 min fix],-1.7701086998289235,0.9941303823925485,-3.7185684452553502,0.17835104559750348,task_cluster_robust_95CI,True,0.07498437468782436,
GEE_adjusted_types,C(agent)[T.A12]:C(difficulty)[T.<15 min fix],-1.8853679931006349,1.0016439091162006,-3.8485539803022992,0.07781799410102952,task_cluster_robust_95CI,True,0.059798862643853624,
GEE_adjusted_types,C(agent)[T.A13]:C(difficulty)[T.<15 min fix],-2.0598621186329336,1.035323312408875,-4.089058523309039,-0.030665713956827823,task_cluster_robust_95CI,True,0.04663684172901785,
GEE_adjusted_types,C(agent)[T.A01]:C(difficulty)[T.>4 hours],-1.4051726506636544,507.57498121201024,-996.2338552797983,993.423509978471,task_cluster_robust_95CI,True,0.9977911359452,
GEE_adjusted_types,C(agent)[T.A02]:C(difficulty)[T.>4 hours],-0.6272565542170022,,,,task_cluster_robust_95CI,True,,
GEE_adjusted_types,C(agent)[T.A03]:C(difficulty)[T.>4 hours],-1.3310211208465534,,,,task_cluster_robust_95CI,True,,
GEE_adjusted_types,C(agent)[T.A04]:C(difficulty)[T.>4 hours],-2.084679114782705,717.818416957495,-1408.9829237910283,1404.813565561463,task_cluster_robust_95CI,True,0.9976827970661577,
GEE_adjusted_types,C(agent)[T.A05]:C(difficulty)[T.>4 hours],-1.39762939924774,,,,task_cluster_robust_95CI,True,,
GEE_adjusted_types,C(agent)[T.A06]:C(difficulty)[T.>4 hours],-2.382234949802534,621.6491939613502,-1220.7922661324033,1216.0277962327982,task_cluster_robust_95CI,True,0.9969424172781105,
GEE_adjusted_types,C(agent)[T.A07]:C(difficulty)[T.>4 hours],-0.9895903124643578,,,,task_cluster_robust_95CI,True,,
GEE_adjusted_types,C(agent)[T.A08]:C(difficulty)[T.>4 hours],21.38449450351076,,,,task_cluster_robust_95CI,True,,
GEE_adjusted_types,C(agent)[T.A09]:C(difficulty)[T.>4 hours],-2.541955044897074,1435.6355983358894,-2816.3360227068515,2811.2521126170577,task_cluster_robust_95CI,True,0.9985872559671978,
GEE_adjusted_types,C(agent)[T.A10]:C(difficulty)[T.>4 hours],21.67825928478107,,,,task_cluster_robust_95CI,True,,
GEE_adjusted_types,C(agent)[T.A11]:C(difficulty)[T.>4 hours],-3.143902794814044,,,,task_cluster_robust_95CI,True,,
GEE_adjusted_types,C(agent)[T.A12]:C(difficulty)[T.>4 hours],21.833730094064254,,,,task_cluster_robust_95CI,True,,
GEE_adjusted_types,C(agent)[T.A13]:C(difficulty)[T.>4 hours],20.725659917037163,,,,task_cluster_robust_95CI,True,,
GEE_adjusted_types,statement,-0.13524829983511555,0.23722762330752073,-0.6002058976558908,0.3297092979856598,task_cluster_robust_95CI,True,0.5685960616478133,
GEE_adjusted_types,C(agent)[T.A01]:statement,-0.2810666986521315,0.23535351997800324,-0.7423511214437459,0.18021772413948295,task_cluster_robust_95CI,True,0.23238723918080473,0.477005385686915
GEE_adjusted_types,C(agent)[T.A02]:statement,-0.28651015826085213,0.2650616023689559,-0.8060213525884823,0.23300103606677802,task_cluster_robust_95CI,True,0.2797330855540714,0.5195043017432754
GEE_adjusted_types,C(agent)[T.A03]:statement,0.010673483165434072,0.22904193364080414,-0.438240457719955,0.4595874240508232,task_cluster_robust_95CI,True,0.9628315829374968,0.9661674118572982
GEE_adjusted_types,C(agent)[T.A04]:statement,-0.14606025002116063,0.24522710179087223,-0.626696537564408,0.33457603752208676,task_cluster_robust_95CI,True,0.5514343343497122,0.7168646346546258
GEE_adjusted_types,C(agent)[T.A05]:statement,-0.4723049373695857,0.24078968438399653,-0.9442440466109856,-0.0003658281281858078,task_cluster_robust_95CI,True,0.04982267479137392,0.3886168633727166
GEE_adjusted_types,C(agent)[T.A06]:statement,-0.035892725647906694,0.2334276649881987,-0.49340254202005746,0.4216170907242441,task_cluster_robust_95CI,True,0.8777959748534767,0.9661674118572982
GEE_adjusted_types,C(agent)[T.A07]:statement,-0.11900374647092156,0.22972880063627676,-0.5692639219296063,0.33125642898776314,task_cluster_robust_95CI,True,0.6044454293273442,0.7604313465731105
GEE_adjusted_types,C(agent)[T.A08]:statement,-0.020485706256582605,0.23444223122787466,-0.4799840359184285,0.4390126234052633,task_cluster_robust_95CI,True,0.9303689777289822,0.9661674118572982
GEE_adjusted_types,C(agent)[T.A09]:statement,-0.21342734604639857,0.2270952908839601,-0.6585259372376076,0.23167124514481047,task_cluster_robust_95CI,True,0.34731294846280325,0.541808199601973
GEE_adjusted_types,C(agent)[T.A10]:statement,-0.16999788418270192,0.22457654082627254,-0.6101598159747852,0.2701640476093813,task_cluster_robust_95CI,True,0.4490673554615098,0.6158435848768771
GEE_adjusted_types,C(agent)[T.A11]:statement,-0.030837546872654702,0.2388372394863289,-0.49894993443282704,0.4372748406875176,task_cluster_robust_95CI,True,0.8972663989810099,0.9661674118572982
GEE_adjusted_types,C(agent)[T.A12]:statement,-0.20006031111606254,0.24268323054144075,-0.6757107026291174,0.27559008039699223,task_cluster_robust_95CI,True,0.4097304407108231,0.6145956610662346
GEE_adjusted_types,C(agent)[T.A13]:statement,-0.06635118287764499,0.2549043073032164,-0.5659544446960794,0.43325207894078943,task_cluster_robust_95CI,True,0.79463360810545,0.9391124459428046
GEE_adjusted_types,test,-0.8645218071926933,0.21323569538124343,-1.2824560903582845,-0.4465875240271023,task_cluster_robust_95CI,True,5.0284320334859606e-05,
GEE_adjusted_types,C(agent)[T.A01]:test,0.07559588163129743,0.21729219859989632,-0.3502890017460241,0.501480765008619,task_cluster_robust_95CI,True,0.72791554194392,0.8871470667441526
GEE_adjusted_types,C(agent)[T.A02]:test,0.17346282121652323,0.23248803539729312,-0.2822053549986445,0.629130997431691,task_cluster_robust_95CI,True,0.45559792110378017,0.6158435848768771
GEE_adjusted_types,C(agent)[T.A03]:test,-0.19856000367467277,0.20486148866258908,-0.600081143272608,0.2029611359232624,task_cluster_robust_95CI,True,0.33242532532378655,0.5401911536511531
GEE_adjusted_types,C(agent)[T.A04]:test,-0.26278996682076894,0.21275378856883545,-0.6797797299901358,0.15419979634859798,task_cluster_robust_95CI,True,0.2167622228016609,0.477005385686915
GEE_adjusted_types,C(agent)[T.A05]:test,-0.3528194066066124,0.20662587501092294,-0.7577986799020962,0.05215986668887135,task_cluster_robust_95CI,True,0.08772401241790441,0.392231627140336
GEE_adjusted_types,C(agent)[T.A06]:test,-0.2846108708252972,0.2176051352323451,-0.7111090987316615,0.1418873570810672,task_cluster_robust_95CI,True,0.19089925673495278,0.477005385686915
GEE_adjusted_types,C(agent)[T.A07]:test,-0.20599325882798253,0.20509149332919535,-0.6079651992887422,0.1959786816327771,task_cluster_robust_95CI,True,0.3151873466715629,0.5401911536511531
GEE_adjusted_types,C(agent)[T.A08]:test,-0.39003995830551197,0.20935387492409516,-0.8003660131806416,0.020286096569617662,task_cluster_robust_95CI,True,0.062453067102106755,0.392231627140336
GEE_adjusted_types,C(agent)[T.A09]:test,-0.32985338248715573,0.20793244112854406,-0.7373934783165972,0.07768671334228572,task_cluster_robust_95CI,True,0.11266020360281039,0.3994316309554186
GEE_adjusted_types,C(agent)[T.A10]:test,-0.34875045732654886,0.20606870541314903,-0.752637698277115,0.055136783624017305,task_cluster_robust_95CI,True,0.09056993552120628,0.392231627140336
GEE_adjusted_types,C(agent)[T.A11]:test,-0.4868646011632257,0.21633684985454518,-0.9108770354069835,-0.06285216691946793,task_cluster_robust_95CI,True,0.02441765712920671,0.3174295426796872
GEE_adjusted_types,C(agent)[T.A12]:test,-0.6306334575066144,0.2237358777238301,-1.0691477198947787,-0.19211919511845,task_cluster_robust_95CI,True,0.004822585331508665,0.18808082792883793
GEE_adjusted_types,C(agent)[T.A13]:test,-0.4973702819555817,0.23438930050646564,-0.9567648693097902,-0.03797569460137318,task_cluster_robust_95CI,True,0.033839104417438606,0.32993126807002643
GEE_adjusted_types,other,0.4774386641340475,0.4104615208092951,-0.32705113369170885,1.281928461959804,task_cluster_robust_95CI,True,0.2447584238273054,
GEE_adjusted_types,C(agent)[T.A01]:other,-0.017876337751350595,0.4214569159645787,-0.8439167140772489,0.8081640385745478,task_cluster_robust_95CI,True,0.9661674118572983,0.9661674118572982
GEE_adjusted_types,C(agent)[T.A02]:other,-0.6366900344527288,0.5577845857005844,-1.7299277335574694,0.456547664652012,task_cluster_robust_95CI,True,0.253677622940393,0.49467136473376633
GEE_adjusted_types,C(agent)[T.A03]:other,-0.0864560560894741,0.4189798717544887,-0.9076415149754826,0.7347294027965343,task_cluster_robust_95CI,True,0.8365183455777757,0.9595357493392134
GEE_adjusted_types,C(agent)[T.A04]:other,-0.480109377710953,0.3801027459260044,-1.2250970701507005,0.26487831472879436,task_cluster_robust_95CI,True,0.2065517320761061,0.477005385686915
GEE_adjusted_types,C(agent)[T.A05]:other,-0.592375359852265,0.4515409618943477,-1.4773793827097594,0.2926286630052295,task_cluster_robust_95CI,True,0.18955479530418273,0.477005385686915
GEE_adjusted_types,C(agent)[T.A06]:other,-0.5659783199346352,0.4672481437840847,-1.481767853594634,0.3498112137253635,task_cluster_robust_95CI,True,0.22577992122975776,0.477005385686915
GEE_adjusted_types,C(agent)[T.A07]:other,-0.3287144525736507,0.44286128665388386,-1.196706624562332,0.5392777194150307,task_cluster_robust_95CI,True,0.45793497336998545,0.6158435848768771
GEE_adjusted_types,C(agent)[T.A08]:other,-0.7799502181230122,0.4325545489210881,-1.6277415553573138,0.06784111911128932,task_cluster_robust_95CI,True,0.07136847788875364,0.392231627140336
GEE_adjusted_types,C(agent)[T.A09]:other,-0.4234410117205014,0.4320626994148511,-1.2702683416367646,0.4233863181957618,task_cluster_robust_95CI,True,0.3270637652335827,0.5401911536511531
GEE_adjusted_types,C(agent)[T.A10]:other,-0.5653223303947565,0.34427087213905955,-1.240080840713507,0.10943617992399413,task_cluster_robust_95CI,True,0.10057221208726563,0.392231627140336
GEE_adjusted_types,C(agent)[T.A11]:other,-0.6052392949315364,0.41755689205208035,-1.423635764850093,0.21315717498702025,task_cluster_robust_95CI,True,0.14720429611741168,0.477005385686915
GEE_adjusted_types,C(agent)[T.A12]:other,-0.59139357093506,0.42524012222527297,-1.4248488952780054,0.2420617534078856,task_cluster_robust_95CI,True,0.16430776215388465,0.477005385686915
GEE_adjusted_types,C(agent)[T.A13]:other,-1.1583810189510344,0.449078696901994,-2.0385590911031217,-0.2782029467989471,task_cluster_robust_95CI,True,0.009895460957399212,0.19296148866928464
mixed_logistic_primary,Intercept,-2.98054114433641,0.02006553891332688,-3.0198696006065306,-2.9412126880662894,VB_approximate_credible,True,,
mixed_logistic_primary,C(agent)[T.A01],0.26641209230908075,0.08619583591014787,0.09746825392519093,0.43535593069297057,VB_approximate_credible,True,,
mixed_logistic_primary,C(agent)[T.A02],0.42892561832645754,0.08305501634296569,0.2661377862942448,0.5917134503586703,VB_approximate_credible,True,,
mixed_logistic_primary,C(agent)[T.A03],0.49395002058500836,0.08178460439272267,0.33365219597527196,0.6542478451947448,VB_approximate_credible,True,,
mixed_logistic_primary,C(agent)[T.A04],1.0317476436764776,0.0750916002938721,0.8845681071004883,1.178927180252467,VB_approximate_credible,True,,
mixed_logistic_primary,C(agent)[T.A05],1.076185701571631,0.07739975546272346,0.924482180864693,1.227889222278569,VB_approximate_credible,True,,
mixed_logistic_primary,C(agent)[T.A06],1.0769249129956013,0.07446243074207629,0.9309785487411318,1.222871277250071,VB_approximate_credible,True,,
mixed_logistic_primary,C(agent)[T.A07],0.40200212998875823,0.08544161895542561,0.23453655683612404,0.5694677031413924,VB_approximate_credible,True,,
mixed_logistic_primary,C(agent)[T.A08],1.6633705403122643,0.06921220609194396,1.527714616372054,1.7990264642524745,VB_approximate_credible,True,,
mixed_logistic_primary,C(agent)[T.A09],1.486535327990725,0.07099329748641971,1.3473884649173424,1.6256821910641075,VB_approximate_credible,True,,
mixed_logistic_primary,C(agent)[T.A10],1.8762739238954493,0.06926742108142128,1.7405097785758636,2.012038069215035,VB_approximate_credible,True,,
mixed_logistic_primary,C(agent)[T.A11],2.003172299001601,0.06756959752861362,1.8707358878455183,2.1356087101576837,VB_approximate_credible,True,,
mixed_logistic_primary,C(agent)[T.A12],2.5791744654976294,0.06722454479327451,2.4474143577028116,2.7109345732924472,VB_approximate_credible,True,,
mixed_logistic_primary,C(agent)[T.A13],3.051018926531979,0.06655256209878897,2.9205759048183526,3.1814619482456057,VB_approximate_credible,True,,
mixed_logistic_primary,C(difficulty)[T.15 min - 1 hour],1.2756612281704787,0.02704103303812606,1.2226608034157516,1.3286616529252058,VB_approximate_credible,True,,
mixed_logistic_primary,C(difficulty)[T.<15 min fix],2.386436220435201,0.032875346042958276,2.322000542191003,2.450871898679399,VB_approximate_credible,True,,
mixed_logistic_primary,C(difficulty)[T.>4 hours],-1.2541295360916096,0.37065962190178403,-1.9806223950191062,-0.5276366771641129,VB_approximate_credible,True,,
mixed_logistic_primary,defect,-0.9327829800933728,0.027123134679404946,-0.9859443240650065,-0.879621636121739,VB_approximate_credible,True,,
mixed_logistic_primary,C(agent)[T.A01]:defect,0.008240552663192766,0.12644540898205756,-0.23959244894164003,0.2560735542680256,VB_approximate_credible,True,,
mixed_logistic_primary,C(agent)[T.A02]:defect,-0.029412211044403582,0.12095744416195667,-0.26648880160183863,0.2076643795130315,VB_approximate_credible,True,,
mixed_logistic_primary,C(agent)[T.A03]:defect,-0.0359845515962639,0.11853362393512809,-0.26831045450911495,0.19634135131658714,VB_approximate_credible,True,,
mixed_logistic_primary,C(agent)[T.A04]:defect,-0.2408974823002075,0.10637541749768421,-0.4493933005956685,-0.03240166400474645,VB_approximate_credible,True,,
mixed_logistic_primary,C(agent)[T.A05]:defect,-0.49317968438806575,0.11364855661183267,-0.7159308553472578,-0.27042851342887375,VB_approximate_credible,True,,
mixed_logistic_primary,C(agent)[T.A06]:defect,-0.24071325358951676,0.10492212969522254,-0.4463606277921529,-0.035065879386880605,VB_approximate_credible,True,,
mixed_logistic_primary,C(agent)[T.A07]:defect,-0.15957424261433137,0.12793549124297382,-0.41032780545056,0.09117932022189731,VB_approximate_credible,True,,
mixed_logistic_primary,C(agent)[T.A08]:defect,-0.3407489467586345,0.09205327214435823,-0.5211733601615767,-0.16032453335569236,VB_approximate_credible,True,,
mixed_logistic_primary,C(agent)[T.A09]:defect,-0.36231036229885305,0.09673050132678943,-0.5519021448993603,-0.17271857969834578,VB_approximate_credible,True,,
mixed_logistic_primary,C(agent)[T.A10]:defect,-0.5191905139974878,0.091315500822231,-0.6981688956090606,-0.3402121323859151,VB_approximate_credible,True,,
mixed_logistic_primary,C(agent)[T.A11]:defect,-0.41350077558823756,0.08687828973650494,-0.5837822234717872,-0.24321932770468788,VB_approximate_credible,True,,
mixed_logistic_primary,C(agent)[T.A12]:defect,-0.6647581509182103,0.08215279204964569,-0.8257776233355159,-0.5037386785009048,VB_approximate_credible,True,,
mixed_logistic_primary,C(agent)[T.A13]:defect,-0.5498155470239663,0.07746108410317773,-0.7016392718661946,-0.39799182218173795,VB_approximate_credible,True,,
mixed_logistic_primary,repository_log_sd,-0.5331299088524786,0.21449666781581467,-0.9535433777714752,-0.11271643993348185,VB_approximate_credible,True,,
GEE_adjusted_primary,Intercept,-4.82640453356324,1.0267685288883104,-6.838833870643502,-2.8139751964829776,task_cluster_robust_95CI,True,2.59427405922725e-06,
GEE_adjusted_primary,C(agent)[T.A01],1.4814367920187423,1.1238364069650622,-0.7212420901476786,3.684115674185163,task_cluster_robust_95CI,True,0.18743800379756848,
GEE_adjusted_primary,C(agent)[T.A02],0.7859095920707573,1.2401698263397711,-1.6447786022684874,3.216597786410002,task_cluster_robust_95CI,True,0.5262692705071099,
GEE_adjusted_primary,C(agent)[T.A03],1.5163319591964284,1.1243657613415448,-0.687384438482957,3.7200483568758136,task_cluster_robust_95CI,True,0.17746196692201954,
GEE_adjusted_primary,C(agent)[T.A04],2.5049309188895066,1.0651158035682575,0.41734230453128296,4.59251953324773,task_cluster_robust_95CI,True,0.01868321467484404,
GEE_adjusted_primary,C(agent)[T.A05],2.0512491098418866,1.1068927138391143,-0.11822074403257776,4.220718963716351,task_cluster_robust_95CI,True,0.0638594538505695,
GEE_adjusted_primary,C(agent)[T.A06],2.8222541624740307,1.0529241406638639,0.7585607683200717,4.88594755662799,task_cluster_robust_95CI,True,0.007353500474449099,
GEE_adjusted_primary,C(agent)[T.A07],1.310333436205097,1.1658649901279445,-0.9747199552818202,3.595386827692014,task_cluster_robust_95CI,True,0.26104898320877035,
GEE_adjusted_primary,C(agent)[T.A08],3.4658244285055613,1.0380454386592832,1.4312927544172842,5.500356102593838,task_cluster_robust_95CI,True,0.0008414161117940611,
GEE_adjusted_primary,C(agent)[T.A09],3.070022231077844,1.0468317518238826,1.0182696996300624,5.121774762525626,task_cluster_robust_95CI,True,0.0033605038152667954,
GEE_adjusted_primary,C(agent)[T.A10],3.252475216581631,0.9754391017174379,1.3406497081033502,5.164300725059912,task_cluster_robust_95CI,True,0.0008549274587399993,
GEE_adjusted_primary,C(agent)[T.A11],3.7755130558396663,0.9899162336144807,1.8353128902437459,5.715713221435587,task_cluster_robust_95CI,True,0.00013675082409447088,
GEE_adjusted_primary,C(agent)[T.A12],4.486309725543817,0.9985436982632246,2.529200039958466,6.4434194111291685,task_cluster_robust_95CI,True,7.0275402914305915e-06,
GEE_adjusted_primary,C(agent)[T.A13],5.072797308719164,1.0278625285707474,3.0582237716622265,7.087370845776101,task_cluster_robust_95CI,True,8.00326897822316e-07,
GEE_adjusted_primary,C(difficulty)[T.15 min - 1 hour],2.859019283190939,1.0112049782920052,0.8770939447510018,4.840944621630877,task_cluster_robust_95CI,True,0.004693660912419665,
GEE_adjusted_primary,C(difficulty)[T.<15 min fix],3.9220211678904895,1.0105419529458497,1.941395335249854,5.902647000531125,task_cluster_robust_95CI,True,0.00010398219492913643,
GEE_adjusted_primary,C(difficulty)[T.>4 hours],-22.02957722998566,1020.7657031160753,-2022.6935919911987,1978.6344375312271,task_cluster_robust_95CI,True,0.982781851748904,
GEE_adjusted_primary,C(repo)[T.django/django],0.2148224218537966,0.24271511960607828,-0.26089047107744834,0.6905353147850416,task_cluster_robust_95CI,True,0.3761132103985596,
GEE_adjusted_primary,C(repo)[T.mwaskom/seaborn],0.6795003432624207,0.760667006318033,-0.8113795933488257,2.170380279873667,task_cluster_robust_95CI,True,0.37169899680363083,
GEE_adjusted_primary,C(repo)[T.pallets/flask],2.416078524998512,0.2519048177336516,1.9223541547084282,2.9098028952885957,task_cluster_robust_95CI,True,8.70361364212673e-22,
GEE_adjusted_primary,C(repo)[T.psf/requests],1.04259535099977,0.39514795340012276,0.26811959377081784,1.8170711082287223,task_cluster_robust_95CI,True,0.008327526919911059,
GEE_adjusted_primary,C(repo)[T.pydata/xarray],-0.011348222052898198,0.3042533689728906,-0.6076738674147402,0.5849774233089438,task_cluster_robust_95CI,True,0.9702469287137316,
GEE_adjusted_primary,C(repo)[T.pylint-dev/pylint],-0.5805151370705897,0.45802584433558524,-1.478229295956886,0.3171990218157066,task_cluster_robust_95CI,True,0.20500201448551114,
GEE_adjusted_primary,C(repo)[T.pytest-dev/pytest],0.008221506004880568,0.31418490291687007,-0.6075695881983981,0.6240126002081593,task_cluster_robust_95CI,True,0.9791235540439545,
GEE_adjusted_primary,C(repo)[T.scikit-learn/scikit-learn],0.30845025918976515,0.27089753122060095,-0.2224991455034276,0.839399663882958,task_cluster_robust_95CI,True,0.2548602778487934,
GEE_adjusted_primary,C(repo)[T.sphinx-doc/sphinx],-0.38472333984778795,0.2928177958712485,-0.9586356737878363,0.18918899409226042,task_cluster_robust_95CI,True,0.18889130954594457,
GEE_adjusted_primary,C(repo)[T.sympy/sympy],-0.13558203561603008,0.25723190839831084,-0.6397473117512256,0.36858324051916536,task_cluster_robust_95CI,True,0.5981373833006132,
GEE_adjusted_primary,C(agent)[T.A01]:C(difficulty)[T.15 min - 1 hour],-1.163072510703561,1.133899738631941,-3.385475160501546,1.0593301390944239,task_cluster_robust_95CI,True,0.3050198956930823,
GEE_adjusted_primary,C(agent)[T.A02]:C(difficulty)[T.15 min - 1 hour],-0.33945288737848767,1.2416332831956998,-2.7730094044482807,2.0941036296913054,task_cluster_robust_95CI,True,0.7845517278741253,
GEE_adjusted_primary,C(agent)[T.A03]:C(difficulty)[T.15 min - 1 hour],-0.9255377901674174,1.1331492538283632,-3.146469516779445,1.29539393644461,task_cluster_robust_95CI,True,0.41405207408302336,
GEE_adjusted_primary,C(agent)[T.A04]:C(difficulty)[T.15 min - 1 hour],-1.4557631749021072,1.0717932783341129,-3.5564393993090824,0.644913049504868,task_cluster_robust_95CI,True,0.1743843833416353,
GEE_adjusted_primary,C(agent)[T.A05]:C(difficulty)[T.15 min - 1 hour],-0.8660563908751296,1.1122104276425997,-3.045948772284517,1.3138359905342578,task_cluster_robust_95CI,True,0.4361680416380259,
GEE_adjusted_primary,C(agent)[T.A06]:C(difficulty)[T.15 min - 1 hour],-1.7117466459758803,1.0592932915475481,-3.7879233464739617,0.36443005452220123,task_cluster_robust_95CI,True,0.10610886935177685,
GEE_adjusted_primary,C(agent)[T.A07]:C(difficulty)[T.15 min - 1 hour],-0.780945224583142,1.170773832568796,-3.0756197704599093,1.5137293212936256,task_cluster_robust_95CI,True,0.5047508132345053,
GEE_adjusted_primary,C(agent)[T.A08]:C(difficulty)[T.15 min - 1 hour],-1.761208390239105,1.043033691204439,-3.8055168596616773,0.28310007918346747,task_cluster_robust_95CI,True,0.09130683005391665,
GEE_adjusted_primary,C(agent)[T.A09]:C(difficulty)[T.15 min - 1 hour],-1.5458112341279813,1.0540864253487954,-3.6117826644041884,0.5201601961482261,task_cluster_robust_95CI,True,0.14251380214969667,
GEE_adjusted_primary,C(agent)[T.A10]:C(difficulty)[T.15 min - 1 hour],-1.3210841952948407,0.9784204022563983,-3.2387529454565733,0.5965845548668922,task_cluster_robust_95CI,True,0.17694496592721864,
GEE_adjusted_primary,C(agent)[T.A11]:C(difficulty)[T.15 min - 1 hour],-1.670507997900463,0.9932513679869659,-3.617244906750056,0.27622891094913027,task_cluster_robust_95CI,True,0.092596332036531,
GEE_adjusted_primary,C(agent)[T.A12]:C(difficulty)[T.15 min - 1 hour],-1.8633843285613725,1.0012337807573548,-3.8257664789506602,0.0989978218279155,task_cluster_robust_95CI,True,0.06273172882721967,
GEE_adjusted_primary,C(agent)[T.A13]:C(difficulty)[T.15 min - 1 hour],-1.9920853801360292,1.0316822180963743,-4.01414537109532,0.02997461082326147,task_cluster_robust_95CI,True,0.053494199091706246,
GEE_adjusted_primary,C(agent)[T.A01]:C(difficulty)[T.<15 min fix],-1.0964860509927659,1.1313031914884042,-3.3137995619052587,1.1208274599197268,task_cluster_robust_95CI,True,0.3324335066900902,
GEE_adjusted_primary,C(agent)[T.A02]:C(difficulty)[T.<15 min fix],-0.1877716008365323,1.2435559867214334,-2.6250965475697114,2.249553345896647,task_cluster_robust_95CI,True,0.8799791116330365,
GEE_adjusted_primary,C(agent)[T.A03]:C(difficulty)[T.<15 min fix],-0.9322007238015914,1.1325412042294198,-3.1519406950988764,1.2875392474956935,task_cluster_robust_95CI,True,0.4104480869394169,
GEE_adjusted_primary,C(agent)[T.A04]:C(difficulty)[T.<15 min fix],-1.3108937974000447,1.0721373386246829,-3.4122443675850476,0.7904567727849581,task_cluster_robust_95CI,True,0.22144603189389123,
GEE_adjusted_primary,C(agent)[T.A05]:C(difficulty)[T.<15 min fix],-0.88628894028875,1.1128350052889002,-3.067405471390435,1.2948275908129352,task_cluster_robust_95CI,True,0.4257854065421518,
GEE_adjusted_primary,C(agent)[T.A06]:C(difficulty)[T.<15 min fix],-1.621595627759309,1.0595057600251938,-3.698188758821426,0.45499750330280797,task_cluster_robust_95CI,True,0.12588786328097387,
GEE_adjusted_primary,C(agent)[T.A07]:C(difficulty)[T.<15 min fix],-0.841290703072303,1.1703296288047769,-3.135094625569796,1.4525132194251902,task_cluster_robust_95CI,True,0.4722337417276832,
GEE_adjusted_primary,C(agent)[T.A08]:C(difficulty)[T.<15 min fix],-1.6971053639062121,1.0443732102123882,-3.744039242340972,0.3498285145285476,task_cluster_robust_95CI,True,0.10416278380493543,
GEE_adjusted_primary,C(agent)[T.A09]:C(difficulty)[T.<15 min fix],-1.4395418691735808,1.0532950318440386,-3.503962196682866,0.6248784583357043,task_cluster_robust_95CI,True,0.17171830127040133,
GEE_adjusted_primary,C(agent)[T.A10]:C(difficulty)[T.<15 min fix],-1.2188629914811993,0.9804850376343937,-3.1405783526250106,0.7028523696626119,task_cluster_robust_95CI,True,0.21382270311972562,
GEE_adjusted_primary,C(agent)[T.A11]:C(difficulty)[T.<15 min fix],-1.7650444325702916,0.9945218787333882,-3.7142714967248436,0.1841826315842603,task_cluster_robust_95CI,True,0.07593639695542694,
GEE_adjusted_primary,C(agent)[T.A12]:C(difficulty)[T.<15 min fix],-1.8728012959451001,1.002706823029524,-3.838070556135545,0.09246796424534454,task_cluster_robust_95CI,True,0.06179753388242405,
GEE_adjusted_primary,C(agent)[T.A13]:C(difficulty)[T.<15 min fix],-2.0284969336277885,1.035303073306995,-4.05765367039313,0.0006598031375530944,task_cluster_robust_95CI,True,0.05007454113248098,
GEE_adjusted_primary,C(agent)[T.A01]:C(difficulty)[T.>4 hours],-1.383811535216544,2577.3065260462477,-5052.811779705905,5050.044156635472,task_cluster_robust_95CI,True,0.9995715985681944,
GEE_adjusted_primary,C(agent)[T.A02]:C(difficulty)[T.>4 hours],-0.6765914870597711,1943.4797964659083,-3809.8269972414746,3808.473814267355,task_cluster_robust_95CI,True,0.9997222292243158,
GEE_adjusted_primary,C(agent)[T.A03]:C(difficulty)[T.>4 hours],-1.374308724461419,2724.698225329767,-5341.684699111005,5338.936081662083,task_cluster_robust_95CI,True,0.9995975555544699,
GEE_adjusted_primary,C(agent)[T.A04]:C(difficulty)[T.>4 hours],-2.173196171730296,1840.211293495119,-3608.9210553660305,3604.5746630225703,task_cluster_robust_95CI,True,0.9990577390345843,
GEE_adjusted_primary,C(agent)[T.A05]:C(difficulty)[T.>4 hours],-1.5040191528048699,1443.580697442132,-2830.8701949165966,2827.8621566109864,task_cluster_robust_95CI,True,0.9991687105222468,
GEE_adjusted_primary,C(agent)[T.A06]:C(difficulty)[T.>4 hours],-2.4772311038838444,1692.7482346892223,-3320.2028059885142,3315.248343780747,task_cluster_robust_95CI,True,0.9988323462962099,
GEE_adjusted_primary,C(agent)[T.A07]:C(difficulty)[T.>4 hours],-1.0565659710681268,1350.3461944277217,-2647.686473710124,2645.5733417679876,task_cluster_robust_95CI,True,0.9993757026211161,
GEE_adjusted_primary,C(agent)[T.A08]:C(difficulty)[T.>4 hours],21.259317993886757,1840.2113154133106,-3585.4885841592795,3628.007220147053,task_cluster_robust_95CI,True,0.9907825236409964,
GEE_adjusted_primary,C(agent)[T.A09]:C(difficulty)[T.>4 hours],-2.6192579894600065,1488.0088520780596,-2919.0630167392455,2913.8245007603255,task_cluster_robust_95CI,True,0.9985955295706709,
GEE_adjusted_primary,C(agent)[T.A10]:C(difficulty)[T.>4 hours],21.609708791132203,1840.2112762935622,-3585.1381166887363,3628.3575342710005,task_cluster_robust_95CI,True,0.9906306102130749,
GEE_adjusted_primary,C(agent)[T.A11]:C(difficulty)[T.>4 hours],-3.261346206617451,2526.2656541183364,-4954.651043659078,4948.128351245843,task_cluster_robust_95CI,True,0.9989699511377018,
GEE_adjusted_primary,C(agent)[T.A12]:C(difficulty)[T.>4 hours],21.71814107240272,2393.9072249791307,-4670.253802216918,4713.690084361723,task_cluster_robust_95CI,True,0.9927614856724417,
GEE_adjusted_primary,C(agent)[T.A13]:C(difficulty)[T.>4 hours],20.586959084653042,2009.3789249105394,-3917.7233650338176,3958.897283203124,task_cluster_robust_95CI,True,0.9918254694332571,
GEE_adjusted_primary,defect,-0.7860513368591696,0.19236777540201536,-1.1630852484332097,-0.4090174252851294,task_cluster_robust_95CI,True,4.385141644780901e-05,
GEE_adjusted_primary,C(agent)[T.A01]:defect,-0.10861662872900352,0.18802218751560368,-0.4771333445540233,0.25990008709601625,task_cluster_robust_95CI,True,0.5634802869624704,0.5661877497761538
GEE_adjusted_primary,C(agent)[T.A02]:defect,-0.12146312846890674,0.21172811917586837,-0.5364426165680132,0.2935163596301997,task_cluster_robust_95CI,True,0.5661877497761538,0.5661877497761538
GEE_adjusted_primary,C(agent)[T.A03]:defect,-0.15783771191615067,0.18724869794923737,-0.524838416048675,0.20916299221637366,task_cluster_robust_95CI,True,0.3992670954394393,0.4718611127920646
GEE_adjusted_primary,C(agent)[T.A04]:defect,-0.3702208935170752,0.19527571748155584,-0.7529542668361433,0.012512479801992882,task_cluster_robust_95CI,True,0.05797485330787952,0.0837414547780482
GEE_adjusted_primary,C(agent)[T.A05]:defect,-0.6210810976396519,0.19679608210942115,-1.0067943308727045,-0.23536786440659918,task_cluster_robust_95CI,True,0.0015996930788574277,0.00519900250628664
GEE_adjusted_primary,C(agent)[T.A06]:defect,-0.384687669323485,0.19885943425971442,-0.7744449984585358,0.005069659811565763,task_cluster_robust_95CI,True,0.05305533036132224,0.0837414547780482
GEE_adjusted_primary,C(agent)[T.A07]:defect,-0.284926208385024,0.19419397381211906,-0.6655394030714918,0.09568698630144373,task_cluster_robust_95CI,True,0.14231492105988566,0.18500939737785135
GEE_adjusted_primary,C(agent)[T.A08]:defect,-0.49745078596720854,0.19462125687293652,-0.8789014400640827,-0.11600013187033448,task_cluster_robust_95CI,True,0.010588491158788599,0.01966434072346454
GEE_adjusted_primary,C(agent)[T.A09]:defect,-0.5024107194931863,0.1947050505594466,-0.8840256061977518,-0.12079583278862066,task_cluster_robust_95CI,True,0.009869502433637498,0.01966434072346454
GEE_adjusted_primary,C(agent)[T.A10]:defect,-0.6627816591689082,0.19405136990913727,-1.043115355341477,-0.28244796299633956,task_cluster_robust_95CI,True,0.0006366598687600967,0.004138289146940628
GEE_adjusted_primary,C(agent)[T.A11]:defect,-0.569297938723799,0.19817155764503197,-0.9577070544682649,-0.18088882297933312,task_cluster_robust_95CI,True,0.004069121054088975,0.010579714740631335
GEE_adjusted_primary,C(agent)[T.A12]:defect,-0.8328806472086289,0.20928684043484366,-1.2430753168991036,-0.4226859775181542,task_cluster_robust_95CI,True,6.902752149155589e-05,0.0008973577793902265
GEE_adjusted_primary,C(agent)[T.A13]:defect,-0.7289276290427444,0.2234133347183997,-1.1668097187567998,-0.291045539328689,task_cluster_robust_95CI,True,0.0011036160344779944,0.004782336149404642
mixed_logistic_high,Intercept,-3.4854757829597043,0.019651898409157396,-3.5239935038416528,-3.446958062077756,VB_approximate_credible,True,,
mixed_logistic_high,C(agent)[T.A01],0.26105905429944853,0.08528281147827377,0.09390474380203195,0.4282133647968651,VB_approximate_credible,True,,
mixed_logistic_high,C(agent)[T.A02],0.406332220056681,0.08204073281434268,0.24553238374056935,0.5671320563727926,VB_approximate_credible,True,,
mixed_logistic_high,C(agent)[T.A03],0.4946663873352129,0.08098993795050625,0.33592610895222064,0.6534066657182052,VB_approximate_credible,True,,
mixed_logistic_high,C(agent)[T.A04],0.9587839217724945,0.07394069135259575,0.8138601667214068,1.103707676823582,VB_approximate_credible,True,,
mixed_logistic_high,C(agent)[T.A05],0.8790936448264061,0.07493863538858993,0.7322139194647698,1.0259733701880422,VB_approximate_credible,True,,
mixed_logistic_high,C(agent)[T.A06],0.9721912067820133,0.07300159224408286,0.829108085983611,1.1152743275804158,VB_approximate_credible,True,,
mixed_logistic_high,C(agent)[T.A07],0.35578633940158444,0.08421480653322887,0.19072531859645586,0.520847360206713,VB_approximate_credible,True,,
mixed_logistic_high,C(agent)[T.A08],1.5065616278261327,0.06773932207169038,1.3737925565656195,1.6393306990866459,VB_approximate_credible,True,,
mixed_logistic_high,C(agent)[T.A09],1.337412679660711,0.0694511628390211,1.2012884004962296,1.4735369588251925,VB_approximate_credible,True,,
mixed_logistic_high,C(agent)[T.A10],1.6036197556985525,0.06688055403481738,1.4725338697903105,1.7347056416067945,VB_approximate_credible,True,,
mixed_logistic_high,C(agent)[T.A11],1.8110181524935989,0.06616469785898411,1.6813353446899901,1.9407009602972076,VB_approximate_credible,True,,
mixed_logistic_high,C(agent)[T.A12],2.2275258182423694,0.06524777754942929,2.099640174245488,2.3554114622392506,VB_approximate_credible,True,,
mixed_logistic_high,C(agent)[T.A13],2.694894369708489,0.06513055681346006,2.567238478354107,2.8225502610628705,VB_approximate_credible,True,,
mixed_logistic_high,C(difficulty)[T.15 min - 1 hour],1.4079272465557846,0.026505055380409856,1.3559773380101814,1.4598771551013878,VB_approximate_credible,True,,
mixed_logistic_high,C(difficulty)[T.<15 min fix],2.615205888440459,0.032086549475765586,2.5523162514679583,2.6780955254129597,VB_approximate_credible,True,,
mixed_logistic_high,C(difficulty)[T.>4 hours],-1.0598182715621245,0.373249844996703,-1.7913879677556623,-0.32824857536858665,VB_approximate_credible,True,,
mixed_logistic_high,high,-0.7500268895433393,0.044895692942253956,-0.838022447710157,-0.6620313313765216,VB_approximate_credible,True,,
mixed_logistic_high,C(agent)[T.A01]:high,0.04039483052405175,0.2048743826115831,-0.36115895939465115,0.4419486204427546,VB_approximate_credible,True,,
mixed_logistic_high,C(agent)[T.A02]:high,0.019645498466241595,0.1958717610850555,-0.36426315326046715,0.4035541501929503,VB_approximate_credible,True,,
mixed_logistic_high,C(agent)[T.A03]:high,-0.1483077643230086,0.20156025713738157,-0.5433658683122765,0.24675033966625928,VB_approximate_credible,True,,
mixed_logistic_high,C(agent)[T.A04]:high,-0.37909719939789993,0.18565352397768173,-0.7429781063941561,-0.015216292401643738,VB_approximate_credible,True,,
mixed_logistic_high,C(agent)[T.A05]:high,-0.3357189451512302,0.18798402611942652,-0.7041676363453062,0.032729746042845786,VB_approximate_credible,True,,
mixed_logistic_high,C(agent)[T.A06]:high,-0.1955072158311986,0.17388639730186528,-0.5363245545428545,0.14531012288045733,VB_approximate_credible,True,,
mixed_logistic_high,C(agent)[T.A07]:high,-0.1884583246273404,0.21534622139769657,-0.6105369185668257,0.23362026931214486,VB_approximate_credible,True,,
mixed_logistic_high,C(agent)[T.A08]:high,-0.32096307222674114,0.15382789395196309,-0.6224657443725887,-0.019460400080893503,VB_approximate_credible,True,,
mixed_logistic_high,C(agent)[T.A09]:high,-0.38369163821414665,0.16451822031866598,-0.706147350038732,-0.061235926389561324,VB_approximate_credible,True,,
mixed_logistic_high,C(agent)[T.A10]:high,-0.27883011044866257,0.1482082915950094,-0.569318361974881,0.011658141077555861,VB_approximate_credible,True,,
mixed_logistic_high,C(agent)[T.A11]:high,-0.41942336712578737,0.1457106871392977,-0.7050163139188108,-0.13383042033276388,VB_approximate_credible,True,,
mixed_logistic_high,C(agent)[T.A12]:high,-0.5151788058180327,0.1353957675759503,-0.7805545102668952,-0.2498031013691701,VB_approximate_credible,True,,
mixed_logistic_high,C(agent)[T.A13]:high,-0.2916007064854985,0.12142156655995641,-0.529586976943013,-0.053614436027983964,VB_approximate_credible,True,,
mixed_logistic_high,repository_log_sd,-0.5363787803194429,0.21462499820856532,-0.9570437768082309,-0.11571378383065484,VB_approximate_credible,True,,
GEE_adjusted_high,Intercept,-5.163591951034485,1.0159907556577785,-7.154897240749365,-3.172286661319605,task_cluster_robust_95CI,True,3.728490748798388e-07,
GEE_adjusted_high,C(agent)[T.A01],1.4134770378610715,1.1180165369923545,-0.7777951087641362,3.604749184486279,task_cluster_robust_95CI,True,0.20613240478639583,
GEE_adjusted_high,C(agent)[T.A02],0.7114212251680013,1.227344607650305,-1.6941300024460397,3.116972452782042,task_cluster_robust_95CI,True,0.56215565586896,
GEE_adjusted_high,C(agent)[T.A03],1.461433570091672,1.1150383695376571,-0.7240014755823996,3.6468686157657437,task_cluster_robust_95CI,True,0.18997345237222452,
GEE_adjusted_high,C(agent)[T.A04],2.3522602028465025,1.0538515129325,0.2867491924457557,4.417771213247249,task_cluster_robust_95CI,True,0.025610972899547047,
GEE_adjusted_high,C(agent)[T.A05],1.7311081141353264,1.0947663462638113,-0.4145944960282497,3.8768107242989025,task_cluster_robust_95CI,True,0.11381904378053448,
GEE_adjusted_high,C(agent)[T.A06],2.6199971251685525,1.039669114438237,0.5822831050309558,4.657711145306149,task_cluster_robust_95CI,True,0.011734490742998474,
GEE_adjusted_high,C(agent)[T.A07],1.176752340358665,1.1528908272213314,-1.0828721591017347,3.436376839819065,task_cluster_robust_95CI,True,0.30739796217491655,
GEE_adjusted_high,C(agent)[T.A08],3.2110416761697045,1.0243068996689704,1.2034370437026398,5.218646308636769,task_cluster_robust_95CI,True,0.0017194590168733252,
GEE_adjusted_high,C(agent)[T.A09],2.827086466160591,1.033972909509778,0.8005368025313335,4.853636129789848,task_cluster_robust_95CI,True,0.006253246490562696,
GEE_adjusted_high,C(agent)[T.A10],2.882031379808395,0.9643749726588902,0.991891165805171,4.772171593811619,task_cluster_robust_95CI,True,0.002803535692752462,
GEE_adjusted_high,C(agent)[T.A11],3.4856655691961684,0.976845508610771,1.571083553859346,5.400247584532991,task_cluster_robust_95CI,True,0.0003593221740995246,
GEE_adjusted_high,C(agent)[T.A12],4.019072744978476,0.9836092856953578,2.0912339701564058,5.946911519800546,task_cluster_robust_95CI,True,4.3878690605377446e-05,
GEE_adjusted_high,C(agent)[T.A13],4.604665083064653,1.0099035466182669,2.625290503833582,6.584039662295723,task_cluster_robust_95CI,True,5.127317269994694e-06,
GEE_adjusted_high,C(difficulty)[T.15 min - 1 hour],2.9576877993617874,1.0102422721502997,0.9776493302872882,4.937726268436286,task_cluster_robust_95CI,True,0.003414777284460443,
GEE_adjusted_high,C(difficulty)[T.<15 min fix],4.106218604036004,1.0069588764640522,2.1326154722535438,6.079821735818463,task_cluster_robust_95CI,True,4.5455753687026076e-05,
GEE_adjusted_high,C(difficulty)[T.>4 hours],-21.889922428390825,2840.562199790433,-5589.289529863509,5545.509685006728,task_cluster_robust_95CI,True,0.9938514079085102,
GEE_adjusted_high,C(repo)[T.django/django],0.14828398237617907,0.2431670743646599,-0.32831472560452735,0.6248826903568855,task_cluster_robust_95CI,True,0.5419923931988542,
GEE_adjusted_high,C(repo)[T.mwaskom/seaborn],0.5914309969352064,0.7317060261169097,-0.8426864615248607,2.0255484553952736,task_cluster_robust_95CI,True,0.4189233958523496,
GEE_adjusted_high,C(repo)[T.pallets/flask],2.677649695364227,0.24882919829082442,2.1899534284122355,3.165345962316218,task_cluster_robust_95CI,True,5.25992883749193e-27,
GEE_adjusted_high,C(repo)[T.psf/requests],0.7936482860021231,0.3855444771783875,0.03799499629415881,1.5493015757100874,task_cluster_robust_95CI,True,0.039540922697401906,
GEE_adjusted_high,C(repo)[T.pydata/xarray],-0.07545935303199516,0.30131777238913143,-0.6660313348165302,0.5151126287525399,task_cluster_robust_95CI,True,0.8022539509667875,
GEE_adjusted_high,C(repo)[T.pylint-dev/pylint],-0.6275796921393292,0.4764597555496487,-1.5614236530993988,0.3062642688207404,task_cluster_robust_95CI,True,0.18778080623318238,
GEE_adjusted_high,C(repo)[T.pytest-dev/pytest],-0.20416880959868122,0.329094235489933,-0.8491816586786932,0.4408440394813308,task_cluster_robust_95CI,True,0.5349969806917485,
GEE_adjusted_high,C(repo)[T.scikit-learn/scikit-learn],0.18839076108506483,0.2780076406640962,-0.3564942020435168,0.7332757242136464,task_cluster_robust_95CI,True,0.49799618297623927,
GEE_adjusted_high,C(repo)[T.sphinx-doc/sphinx],-0.463164390789929,0.2925845966816503,-1.0366196627171411,0.11029088113728303,task_cluster_robust_95CI,True,0.11341914745019514,
GEE_adjusted_high,C(repo)[T.sympy/sympy],-0.19372211944283263,0.25914842130288523,-0.7016436918469002,0.3141994529612349,task_cluster_robust_95CI,True,0.4547416052401301,
GEE_adjusted_high,C(agent)[T.A01]:C(difficulty)[T.15 min - 1 hour],-1.146270730567041,1.1328252825563936,-3.3665674851539826,1.0740260240199007,task_cluster_robust_95CI,True,0.3116007165168977,
GEE_adjusted_high,C(agent)[T.A02]:C(difficulty)[T.15 min - 1 hour],-0.32309856360514905,1.2393501757007188,-2.752180272211946,2.1059831450016477,task_cluster_robust_95CI,True,0.7943238829828885,
GEE_adjusted_high,C(agent)[T.A03]:C(difficulty)[T.15 min - 1 hour],-0.9144254686591894,1.1310169315210232,-3.1311779203453995,1.302326983027021,task_cluster_robust_95CI,True,0.4188036813922458,
GEE_adjusted_high,C(agent)[T.A04]:C(difficulty)[T.15 min - 1 hour],-1.4228744277946421,1.068849851124764,-3.517781640880178,0.6720327852908938,task_cluster_robust_95CI,True,0.18311659273798464,
GEE_adjusted_high,C(agent)[T.A05]:C(difficulty)[T.15 min - 1 hour],-0.7988424642762015,1.1096153886254096,-2.97364866267342,1.375963734121017,task_cluster_robust_95CI,True,0.47156972861307833,
GEE_adjusted_high,C(agent)[T.A06]:C(difficulty)[T.15 min - 1 hour],-1.668692476726696,1.0563831894757212,-3.739165481972661,0.40178052851926926,task_cluster_robust_95CI,True,0.11419208050433034,
GEE_adjusted_high,C(agent)[T.A07]:C(difficulty)[T.15 min - 1 hour],-0.7470580997368084,1.1683065148826748,-3.03689679181036,1.542780592336743,task_cluster_robust_95CI,True,0.5225388597855001,
GEE_adjusted_high,C(agent)[T.A08]:C(difficulty)[T.15 min - 1 hour],-1.720343544698028,1.0399442209936824,-3.7585967637762083,0.3179096743801526,task_cluster_robust_95CI,True,0.09807363850518143,
GEE_adjusted_high,C(agent)[T.A09]:C(difficulty)[T.15 min - 1 hour],-1.5030322182555003,1.0507199966269147,-3.5624055694803003,0.5563411329692995,task_cluster_robust_95CI,True,0.15257977217206364,
GEE_adjusted_high,C(agent)[T.A10]:C(difficulty)[T.15 min - 1 hour],-1.2747770990500784,0.9759479988337582,-3.187600027548183,0.6380458294480262,task_cluster_robust_95CI,True,0.19148670465714612,
GEE_adjusted_high,C(agent)[T.A11]:C(difficulty)[T.15 min - 1 hour],-1.6348890266041274,0.9902003969374401,-3.5756461420787757,0.30586808887052097,task_cluster_robust_95CI,True,0.09872451787081876,
GEE_adjusted_high,C(agent)[T.A12]:C(difficulty)[T.15 min - 1 hour],-1.8127168144985042,0.9977103268545933,-3.7681931221371925,0.1427594931401841,task_cluster_robust_95CI,True,0.06923596927651972,
GEE_adjusted_high,C(agent)[T.A13]:C(difficulty)[T.15 min - 1 hour],-1.958586532406136,1.028200046589967,-3.9738215926248768,0.056648527812604765,task_cluster_robust_95CI,True,0.05679708438183137,
GEE_adjusted_high,C(agent)[T.A01]:C(difficulty)[T.<15 min fix],-1.0729452457073616,1.129263580323724,-3.2862611921946154,1.140370700779892,task_cluster_robust_95CI,True,0.3420470830849227,
GEE_adjusted_high,C(agent)[T.A02]:C(difficulty)[T.<15 min fix],-0.16819529004589076,1.2382189739354286,-2.5950598839334704,2.258669303841689,task_cluster_robust_95CI,True,0.891950562213107,
GEE_adjusted_high,C(agent)[T.A03]:C(difficulty)[T.<15 min fix],-0.9186169010819107,1.1294320810732745,-3.1322631029696515,1.2950293008058298,task_cluster_robust_95CI,True,0.4160208087101035,
GEE_adjusted_high,C(agent)[T.A04]:C(difficulty)[T.<15 min fix],-1.2740499237119645,1.0672471207169845,-3.365815842921325,0.8177159954973963,task_cluster_robust_95CI,True,0.23256709618600901,
GEE_adjusted_high,C(agent)[T.A05]:C(difficulty)[T.<15 min fix],-0.7922293619364555,1.1074509769079461,-2.962793391319729,1.3783346674468178,task_cluster_robust_95CI,True,0.47438482003402405,
GEE_adjusted_high,C(agent)[T.A06]:C(difficulty)[T.<15 min fix],-1.569800072809548,1.0546115292146427,-3.636800687750959,0.4972005421318628,task_cluster_robust_95CI,True,0.13661638059079192,
GEE_adjusted_high,C(agent)[T.A07]:C(difficulty)[T.<15 min fix],-0.788664502854709,1.1654141205086261,-3.0728342061260383,1.4955052004166205,task_cluster_robust_95CI,True,0.4985806518018697,
GEE_adjusted_high,C(agent)[T.A08]:C(difficulty)[T.<15 min fix],-1.6514162790963538,1.0389708101336474,-3.6877616479467052,0.38492908975399764,task_cluster_robust_95CI,True,0.11195359541270658,
GEE_adjusted_high,C(agent)[T.A09]:C(difficulty)[T.<15 min fix],-1.3918115891059444,1.0484493791314782,-3.446734611817022,0.6631114336051336,task_cluster_robust_95CI,True,0.18434490435962636,
GEE_adjusted_high,C(agent)[T.A10]:C(difficulty)[T.<15 min fix],-1.1684827903548924,0.9757289198425577,-3.080876331920475,0.74391075121069,task_cluster_robust_95CI,True,0.2310928011970147,
GEE_adjusted_high,C(agent)[T.A11]:C(difficulty)[T.<15 min fix],-1.7170332078264408,0.9891122606625441,-3.6556576153920215,0.22159119973913977,task_cluster_robust_95CI,True,0.08257557582948484,
GEE_adjusted_high,C(agent)[T.A12]:C(difficulty)[T.<15 min fix],-1.8078089301892482,0.9971232380802099,-3.762134564974417,0.1465167045959208,task_cluster_robust_95CI,True,0.06982803180726545,
GEE_adjusted_high,C(agent)[T.A13]:C(difficulty)[T.<15 min fix],-1.9793147666673248,1.029577439391606,-3.997249467169843,0.038619933835193354,task_cluster_robust_95CI,True,0.05454871746782581,
GEE_adjusted_high,C(agent)[T.A01]:C(difficulty)[T.>4 hours],-1.3846495117764968,3985.151841957961,-7812.138732672838,7809.3694336492845,task_cluster_robust_95CI,True,0.9997227733122465,
GEE_adjusted_high,C(agent)[T.A02]:C(difficulty)[T.>4 hours],-0.6778314955626032,2772.10503833196,-5433.90386798823,5432.548204997104,task_cluster_robust_95CI,True,0.9998049023134883,
GEE_adjusted_high,C(agent)[T.A03]:C(difficulty)[T.>4 hours],-1.3078230506056159,2505.14056727604,-4911.293111121884,4908.6774650206735,task_cluster_robust_95CI,True,0.9995834597920085,
GEE_adjusted_high,C(agent)[T.A04]:C(difficulty)[T.>4 hours],-2.052979166551396,3119.9011686670083,-6116.946905078312,6112.840946745209,task_cluster_robust_95CI,True,0.9994749704641672,
GEE_adjusted_high,C(agent)[T.A05]:C(difficulty)[T.>4 hours],-1.4601955958944393,1339.0543089489233,-2625.9584144789546,2623.038023287166,task_cluster_robust_95CI,True,0.999129932756999,
GEE_adjusted_high,C(agent)[T.A06]:C(difficulty)[T.>4 hours],-2.425621656652363,3200.9510416619664,-6276.1743795900775,6271.323136276772,task_cluster_robust_95CI,True,0.9993953778549634,
GEE_adjusted_high,C(agent)[T.A07]:C(difficulty)[T.>4 hours],-1.00044031446746,2772.105016599152,-5434.226434211614,5432.225553582679,task_cluster_robust_95CI,True,0.9997120470332794,
GEE_adjusted_high,C(agent)[T.A08]:C(difficulty)[T.>4 hours],21.327289888792226,2725.5117482863525,-5320.5775761932555,5363.232155970841,task_cluster_robust_95CI,True,0.9937565700539127,
GEE_adjusted_high,C(agent)[T.A09]:C(difficulty)[T.>4 hours],-2.5166105590129466,3357.1857598365686,-6582.479789249423,6577.446568131397,task_cluster_robust_95CI,True,0.9994018905517363,
GEE_adjusted_high,C(agent)[T.A10]:C(difficulty)[T.>4 hours],21.631239570871795,1475.565948124232,-2870.42487556632,2913.687354708064,task_cluster_robust_95CI,True,0.9883037325811793,
GEE_adjusted_high,C(agent)[T.A11]:C(difficulty)[T.>4 hours],-3.143060582327063,1716.319001008714,-3367.066488541171,3360.780367376517,task_cluster_robust_95CI,True,0.998538850814361,
GEE_adjusted_high,C(agent)[T.A12]:C(difficulty)[T.>4 hours],21.85507651465088,1960.1743710306648,-3820.016094123905,3863.726247153207,task_cluster_robust_95CI,True,0.9911041246634612,
GEE_adjusted_high,C(agent)[T.A13]:C(difficulty)[T.>4 hours],20.670449133887537,3432.6375587626776,-6707.175538020454,6748.51643628823,task_cluster_robust_95CI,True,0.995195376070784,
GEE_adjusted_high,high,-0.6331029887685141,0.2528179706407159,-1.1286171058688221,-0.1375888716682061,task_cluster_robust_95CI,True,0.012273381416588824,
GEE_adjusted_high,C(agent)[T.A01]:high,-0.04235221058281822,0.24512006588829702,-0.5227787116119654,0.43807429044632895,task_cluster_robust_95CI,True,0.8628231858644201,0.8628231858644201
GEE_adjusted_high,C(agent)[T.A02]:high,-0.04930446300207877,0.2542271036686944,-0.5475804300866505,0.4489715040824929,task_cluster_robust_95CI,True,0.8462239145672146,0.8628231858644201
GEE_adjusted_high,C(agent)[T.A03]:high,-0.23827850019935454,0.2621422785878896,-0.7520679250568836,0.27551092465817445,task_cluster_robust_95CI,True,0.3633679084680803,0.42943480091682223
GEE_adjusted_high,C(agent)[T.A04]:high,-0.47794129349253933,0.2595030675392105,-0.9865579597470571,0.030675372761978403,task_cluster_robust_95CI,True,0.06551087028801376,0.2105225057446131
GEE_adjusted_high,C(agent)[T.A05]:high,-0.43028676079173145,0.2726330177918893,-0.9646376566603023,0.10406413507683943,task_cluster_robust_95CI,True,0.11450507071535788,0.21265227418566465
GEE_adjusted_high,C(agent)[T.A06]:high,-0.2991218262342999,0.26245889092523994,-0.8135317998700966,0.21528814740149677,task_cluster_robust_95CI,True,0.2544153908783028,0.35392617329422926
GEE_adjusted_high,C(agent)[T.A07]:high,-0.276931122129125,0.2522385530041864,-0.7713096015298277,0.21744735727157777,task_cluster_robust_95CI,True,0.2722509025340225,0.35392617329422926
GEE_adjusted_high,C(agent)[T.A08]:high,-0.43961288129032877,0.25191498147047825,-0.9333571721385412,0.05413140955788365,task_cluster_robust_95CI,True,0.08097019451715888,0.2105225057446131
GEE_adjusted_high,C(agent)[T.A09]:high,-0.48906392523857134,0.25279704839324957,-0.9845370354873697,0.00640918501022697,task_cluster_robust_95CI,True,0.05303806147328442,0.2105225057446131
GEE_adjusted_high,C(agent)[T.A10]:high,-0.3926956395231968,0.23689632200822014,-0.8570038987293116,0.07161261968291804,task_cluster_robust_95CI,True,0.09738433654356345,0.21099939584438746
GEE_adjusted_high,C(agent)[T.A11]:high,-0.528281827181413,0.24345621392302202,-1.005447238283015,-0.05111641607981099,task_cluster_robust_95CI,True,0.03001249628699909,0.1950812258654941
GEE_adjusted_high,C(agent)[T.A12]:high,-0.6420837157867636,0.26214772125834895,-1.1558838080823728,-0.12828362349115452,task_cluster_robust_95CI,True,0.014312613788644733,0.18606397925238152
GEE_adjusted_high,C(agent)[T.A13]:high,-0.4105533463721428,0.2740574540746914,-0.9476960860532778,0.12658939330899222,task_cluster_robust_95CI,True,0.13411876510175072,0.21794299329034492
