exclusion_type,excluded,wald,df,p,converged,finite_covariance,max_abs_coefficient
none,none,32.132218714766594,13,0.0022962231593731705,True,True,22.02957722998566
repo,astropy/astropy,31.932596655170318,13,0.002458165985005072,True,True,22.102374692031244
repo,django/django,25.173794683455185,13,0.021899138030139556,True,True,22.592723042212302
repo,mwaskom/seaborn,33.04749092441661,13,0.0016762466005354605,True,True,22.009242932260157
repo,pallets/flask,31.97076468417066,13,0.0024263764565816016,True,True,22.029936387288277
repo,psf/requests,28.179171528538532,13,0.00854304178028051,True,True,22.02660764137608
repo,pydata/xarray,28.54294641723696,13,0.0075955532936500805,True,True,22.069263490942767
repo,pylint-dev/pylint,36.504308388874946,13,0.0004952612118823235,True,True,22.074006892141643
repo,pytest-dev/pytest,27.76652161568476,13,0.009752955542883034,True,True,22.074846092408468
repo,scikit-learn/scikit-learn,28.251250895003942,13,0.00834683792055813,True,True,28.145304778661572
repo,sphinx-doc/sphinx,31.04827394415061,13,0.003317250622110683,True,True,22.116703315142423
repo,sympy/sympy,30.736807250502356,13,0.0036833795205728024,True,True,22.242779440140286
agent,A00,29.166387602529092,12,0.003721874893548041,True,True,23.417957227617343
agent,A01,29.919369095017863,12,0.002871529254652397,True,True,27.181921887938138
agent,A02,28.630216627608096,12,0.004469427911561026,True,True,22.032551936842555
agent,A03,29.13328021733637,12,0.003764330993801655,True,True,22.03132878796429
agent,A04,32.14305426600119,12,0.001315151514875436,True,True,22.03201710241839
agent,A05,25.65944650609248,12,0.011989200135881894,True,True,22.02739114830471
agent,A06,32.11826685768963,12,0.001326803103563889,True,True,22.033225545000818
agent,A07,32.15031440315189,12,0.001311757600878689,True,True,22.030130065316058
agent,A08,31.99274248410157,12,0.0013873578089505878,True,True,22.026682707090195
agent,A09,32.127858811384066,12,0.0013222825011408642,True,True,22.02702265721568
agent,A10,30.01239347488243,12,0.002780458507383547,True,True,22.026593686583595
agent,A11,32.047826478496646,12,0.0013604622899044472,True,True,22.02288209881556
agent,A12,27.281400339091665,12,0.007037474341585823,True,True,22.026062390926718
agent,A13,32.045602601940836,12,0.001361538287700878,True,True,22.02679372727686
