metric,repetitions,removed_each,observed,null_mean,null_median,null_q025,null_q975,null_relevant_95_cutoff,empirical_cdf_percentile_le,extreme_tail,plus_one_p,status,inference_status
mean_abs_gap_pp,10000,93,1.1321454189866864,0.5773862305834063,0.5673794796079519,0.3037969110366988,0.9074080998838773,0.8451961254199092,99.9,upper,0.0010998900109989002,ABOVE RANDOM INSTABILITY/DISTORTION,existing frozen test
median_abs_gap_pp,10000,93,0.9525751010836956,0.5154018860914626,0.5038503478823095,0.24909048800023634,0.8478756742933795,0.7846651934341455,99.27,upper,0.007399260073992601,ABOVE RANDOM INSTABILITY/DISTORTION,existing frozen test
pairs_ge_1pp_rate,10000,93,0.4722222222222222,0.16854166666666667,0.16666666666666666,0.0,0.4166666666666667,0.3888888888888889,99.37,upper,0.011998800119988001,ABOVE RANDOM INSTABILITY/DISTORTION,descriptive extraction using existing tail convention; not a new gate signal
pairs_ge_2pp_rate,10000,93,0.16666666666666666,0.0064555555555555555,0.0,0.0,0.05555555555555555,0.05555555555555555,99.95,upper,0.001999800019998,ABOVE RANDOM INSTABILITY/DISTORTION,existing frozen test
pairs_ge_5pp_rate,10000,93,0.0,0.0,0.0,0.0,0.0,0.0,100.0,upper,1.0,NOT ABOVE RANDOM,descriptive extraction using existing tail convention; not a new gate signal
kendall_tau,10000,93,1.0,0.9819900397153724,1.0,0.9296696802013682,1.0,0.9444444444444444,100.0,lower,1.0,NOT ABOVE RANDOM,existing frozen test
spearman_rho,10000,93,1.0,0.9944630689889263,1.0,0.9790880682441959,1.0,0.9833333333333333,100.0,lower,1.0,NOT ABOVE RANDOM,descriptive extraction using existing tail convention; not a new gate signal
reversals,10000,93,0.0,0.2877,0.0,0.0,1.0,1.0,73.02,upper,1.0,NOT ABOVE RANDOM,existing frozen test
practical_1pp_rate,10000,93,0.0,0.003927777777777777,0.0,0.0,0.027777777777777776,0.027777777777777776,86.48,upper,1.0,NOT ABOVE RANDOM,existing frozen test
practical_2pp_rate,10000,93,0.0,0.0,0.0,0.0,0.0,0.0,100.0,upper,1.0,NOT ABOVE RANDOM,existing frozen test
top3_symmetric_difference,10000,93,0.0,0.1793,0.0,0.0,2.0,2.0,89.27000000000001,upper,1.0,NOT ABOVE RANDOM,descriptive extraction using existing tail convention; not a new gate signal
top5_symmetric_difference,10000,93,0.0,0.1465,0.0,0.0,2.0,2.0,91.0,upper,1.0,NOT ABOVE RANDOM,descriptive extraction using existing tail convention; not a new gate signal
top10_symmetric_difference,10000,93,0.0,0.0,0.0,0.0,0.0,0.0,100.0,upper,1.0,NOT ABOVE RANDOM,descriptive extraction using existing tail convention; not a new gate signal
statistical_change_rate,10000,93,0.0,0.015283333333333335,0.0,0.0,0.05555555555555555,0.05555555555555555,53.879999999999995,upper,1.0,NOT ABOVE RANDOM,existing frozen test
